expiry,strike,type,bid_usd,ask_usd,mid_usd,underlying,mark_iv,valuation
2026-12-25T08:00:00+00:00,20000.0,P,89.51168799999999,115.086456,102.299072,63936.92,84.92,2026-07-31T16:24:21.479000+00:00
2026-08-21T08:00:00+00:00,70000.0,P,7025.778905,7340.836255,7183.307580000001,63011.47,31.24,2026-07-31T16:24:21.479000+00:00
2026-10-30T08:00:00+00:00,74000.0,C,1301.9816500000002,1365.49295,1333.7373000000002,63511.3,36.01,2026-07-31T16:24:21.479000+00:00
2026-08-02T08:00:00+00:00,72000.0,P,6727.82723,11726.539985,9227.1836075,62876.89,47.92,2026-07-31T16:24:21.479000+00:00
2026-08-28T08:00:00+00:00,46000.0,P,56.758446,69.37143400000001,63.06494000000001,63064.94,55.97,2026-07-31T16:24:21.479000+00:00
2027-06-25T08:00:00+00:00,80000.0,C,5353.87594,5484.45828,5419.16711,65291.17,41.47,2026-07-31T16:24:21.479000+00:00
2026-08-02T08:00:00+00:00,65500.0,P,817.3995699999999,5030.1512,2923.775385,62876.89,31.21,2026-07-31T16:24:21.479000+00:00
2027-03-26T08:00:00+00:00,140000.0,C,193.77441000000002,232.529292,213.151851,64591.47,45.37,2026-07-31T16:24:21.479000+00:00
2026-08-07T08:00:00+00:00,67000.0,C,94.37928,113.255136,103.817208,62919.52,33.31,2026-07-31T16:24:21.479000+00:00
2026-12-25T08:00:00+00:00,62000.0,C,7384.586055,7512.457675,7448.521865,63935.81,40.51,2026-07-31T16:24:21.479000+00:00
2026-10-30T08:00:00+00:00,71000.0,P,9336.1611,9621.96195,9479.061525,63511.3,36.11,2026-07-31T16:24:21.479000+00:00
2027-06-25T08:00:00+00:00,82000.0,C,4896.83775,5027.42009,4962.12892,65291.17,41.37,2026-07-31T16:24:21.479000+00:00
2027-06-25T08:00:00+00:00,110000.0,C,1436.38176,1534.31688,1485.34932,65290.08,42.03,2026-07-31T16:24:21.479000+00:00
2026-09-25T08:00:00+00:00,30000.0,C,33228.4785,33386.70935,33307.593925,63292.34,80.9,2026-07-31T16:24:21.479000+00:00
2026-08-04T08:00:00+00:00,62000.0,C,1226.3109299999999,1352.08641,1289.19867,62887.74,30.52,2026-07-31T16:24:21.479000+00:00
2026-08-21T08:00:00+00:00,53000.0,P,151.224864,163.826936,157.5259,63010.36,46.38,2026-07-31T16:24:21.479000+00:00
2027-06-25T08:00:00+00:00,85000.0,P,23896.568219999997,24288.31524,24092.44173,65291.17,41.35,2026-07-31T16:24:21.479000+00:00
2027-03-26T08:00:00+00:00,108000.0,C,710.51838,775.1109600000001,742.81467,64592.58,41.46,2026-07-31T16:24:21.479000+00:00
2026-08-14T08:00:00+00:00,70000.0,C,62.96146,81.849898,72.40567899999999,62961.46,32.06,2026-07-31T16:24:21.479000+00:00
2026-12-25T08:00:00+00:00,60000.0,C,8503.46273,8663.302255,8583.3824925,63935.81,41.09,2026-07-31T16:24:21.479000+00:00
2026-09-25T08:00:00+00:00,190000.0,P,120320.84844999999,133707.413125,127014.13078749998,63293.45,72.81,2026-07-31T16:24:21.479000+00:00
2026-08-28T08:00:00+00:00,73000.0,C,119.825495,132.438705,126.13210000000001,63066.05,32.31,2026-07-31T16:24:21.479000+00:00
2026-08-01T08:00:00+00:00,62500.0,P,119.427692,144.570364,131.99902799999998,62856.68,26.69,2026-07-31T16:24:21.479000+00:00
2027-03-26T08:00:00+00:00,55000.0,P,4424.515695,4521.402900000001,4472.9592975000005,64591.47,44.03,2026-07-31T16:24:21.479000+00:00
2027-06-25T08:00:00+00:00,150000.0,C,359.101435,457.03819,408.0698125,65291.17,45.07,2026-07-31T16:24:21.479000+00:00
2026-08-03T08:00:00+00:00,65000.0,C,37.726307999999996,50.301744,44.014026,62877.18,26.78,2026-07-31T16:24:21.479000+00:00
2026-09-25T08:00:00+00:00,58000.0,C,6772.280379999999,7025.44974,6898.865059999999,63292.34,38.96,2026-07-31T16:24:21.479000+00:00
2026-10-30T08:00:00+00:00,54000.0,C,10923.9436,11177.9888,11050.966199999999,63511.3,42.41,2026-07-31T16:24:21.479000+00:00
2026-08-28T08:00:00+00:00,59000.0,P,945.99075,1009.0568000000001,977.523775,63066.05,37.3,2026-07-31T16:24:21.479000+00:00
2026-10-30T08:00:00+00:00,82000.0,P,18799.3448,19180.4126,18989.8787,63511.3,36.5,2026-07-31T16:24:21.479000+00:00
2027-03-26T08:00:00+00:00,106000.0,P,42016.751234999996,42630.370200000005,42323.560717500004,64591.47,41.16,2026-07-31T16:24:21.479000+00:00
2026-08-04T08:00:00+00:00,62500.0,P,534.54579,597.43353,565.98966,62887.74,29.91,2026-07-31T16:24:21.479000+00:00
2026-08-04T08:00:00+00:00,68000.0,P,2892.8360399999997,7640.860409999999,5266.848225,62887.74,35.42,2026-07-31T16:24:21.479000+00:00
2026-08-02T08:00:00+00:00,61500.0,P,50.300624,69.163358,59.731991,62875.78,27.17,2026-07-31T16:24:21.479000+00:00
2026-09-25T08:00:00+00:00,300000.0,P,226649.86953999999,247694.57259,237172.221065,63292.34,84.97,2026-07-31T16:24:21.479000+00:00
2026-08-28T08:00:00+00:00,48000.0,C,14915.120825,15261.9841,15088.5524625,63066.05,52.68,2026-07-31T16:24:21.479000+00:00
2026-10-30T08:00:00+00:00,54000.0,P,1524.2712000000001,1587.7825000000003,1556.0268500000002,63511.3,42.41,2026-07-31T16:24:21.479000+00:00
2026-12-25T08:00:00+00:00,210000.0,P,139094.76945999998,153896.16644,146495.46795,63936.92,58.51,2026-07-31T16:24:21.479000+00:00
2026-08-01T08:00:00+00:00,66500.0,P,1414.29735,6065.764190000001,3740.03077,62857.66,47.4,2026-07-31T16:24:21.479000+00:00
2026-09-25T08:00:00+00:00,35000.0,P,69.622795,75.95213999999999,72.78746749999999,63293.45,70.96,2026-07-31T16:24:21.479000+00:00
2026-09-25T08:00:00+00:00,64000.0,P,3860.83274,3955.77125,3908.301995,63292.34,35.51,2026-07-31T16:24:21.479000+00:00
2026-08-04T08:00:00+00:00,64500.0,C,163.50812399999998,194.95199399999998,179.230059,62887.74,28.67,2026-07-31T16:24:21.479000+00:00
2026-09-25T08:00:00+00:00,135000.0,P,67217.6439,76806.601575,72012.1227375,63293.45,66.18,2026-07-31T16:24:21.479000+00:00
2026-08-28T08:00:00+00:00,56000.0,P,472.995375,536.0614250000001,504.52840000000003,63066.05,41.01,2026-07-31T16:24:21.479000+00:00
2026-12-25T08:00:00+00:00,80000.0,C,1694.298965,1726.26687,1710.2829175,63935.81,38.87,2026-07-31T16:24:21.479000+00:00
2026-12-25T08:00:00+00:00,105000.0,P,41046.79002,41814.01974,41430.40488,63935.81,41.77,2026-07-31T16:24:21.479000+00:00
2026-08-02T08:00:00+00:00,59000.0,C,1729.114475,5878.989215,3804.051845,62876.89,43.1,2026-07-31T16:24:21.479000+00:00
2026-12-25T08:00:00+00:00,200000.0,P,129440.29454,143570.35385999997,136505.32419999997,63936.92,57.56,2026-07-31T16:24:21.479000+00:00
2026-08-04T08:00:00+00:00,61500.0,C,1414.97415,1980.96381,1697.9689799999999,62887.74,31.82,2026-07-31T16:24:21.479000+00:00
2026-08-03T08:00:00+00:00,63500.0,C,270.368606,295.519174,282.94388999999995,62876.42,25.56,2026-07-31T16:24:21.479000+00:00
2026-10-30T08:00:00+00:00,64000.0,P,4985.63705,5049.14835,5017.3927,63511.3,37.52,2026-07-31T16:24:21.479000+00:00
2026-10-30T08:00:00+00:00,75000.0,C,1143.2033999999999,1206.7147,1174.95905,63511.3,36.01,2026-07-31T16:24:21.479000+00:00
2026-12-25T08:00:00+00:00,170000.0,P,100411.18960499999,112463.08978999998,106437.1396975,63935.81,52.46,2026-07-31T16:24:21.479000+00:00
2027-03-26T08:00:00+00:00,60000.0,C,10883.662695,11077.437105,10980.549900000002,64591.47,42.59,2026-07-31T16:24:21.479000+00:00
2026-08-28T08:00:00+00:00,63000.0,C,2364.976875,2428.042925,2396.5099,63066.05,33.98,2026-07-31T16:24:21.479000+00:00
2026-08-21T08:00:00+00:00,68000.0,C,346.55698,409.56734,378.06216,63010.36,31.1,2026-07-31T16:24:21.479000+00:00
2026-10-30T08:00:00+00:00,66000.0,P,6065.3291500000005,6192.351750000001,6128.840450000001,63511.3,36.98,2026-07-31T16:24:21.479000+00:00
2026-08-07T08:00:00+00:00,68000.0,P,4907.72256,5473.998239999999,5190.8604,62919.52,34.56,2026-07-31T16:24:21.479000+00:00
2026-12-25T08:00:00+00:00,72000.0,C,3324.6621199999995,3420.565835,3372.6139774999997,63935.81,38.86,2026-07-31T16:24:21.479000+00:00
2026-09-25T08:00:00+00:00,78000.0,C,227.85242399999998,253.16935999999998,240.51089199999998,63292.34,34.4,2026-07-31T16:24:21.479000+00:00
2026-12-25T08:00:00+00:00,40000.0,P,735.261815,767.22972,751.2457674999999,63935.81,55.48,2026-07-31T16:24:21.479000+00:00
2026-12-25T08:00:00+00:00,135000.0,C,51.148648,76.72297199999998,63.93581,63935.81,47.97,2026-07-31T16:24:21.479000+00:00
2026-08-03T08:00:00+00:00,66000.0,P,1006.02272,5564.563169999999,3285.2929449999997,62876.42,29.74,2026-07-31T16:24:21.479000+00:00
2026-08-04T08:00:00+00:00,63000.0,P,754.65288,817.54062,786.09675,62887.74,29.35,2026-07-31T16:24:21.479000+00:00
2026-08-07T08:00:00+00:00,64000.0,C,597.7248950000001,660.643305,629.1841000000001,62918.41,31.85,2026-07-31T16:24:21.479000+00:00
2026-08-28T08:00:00+00:00,66000.0,P,3973.1611500000004,4130.826275,4051.9937125,63066.05,32.26,2026-07-31T16:24:21.479000+00:00
2026-10-30T08:00:00+00:00,76000.0,C,984.42515,1047.9364500000001,1016.1808000000001,63511.3,36.04,2026-07-31T16:24:21.479000+00:00
2026-12-25T08:00:00+00:00,104000.0,P,40023.81706,42836.9927,41430.40488,63935.81,41.58,2026-07-31T16:24:21.479000+00:00
2026-08-07T08:00:00+00:00,66000.0,P,3145.9205,3429.0533450000003,3287.4869225,62918.41,32.65,2026-07-31T16:24:21.479000+00:00
2026-08-01T08:00:00+00:00,65000.0,P,1791.44331,2482.87757,2137.16044,62857.66,40.29,2026-07-31T16:24:21.479000+00:00
2026-08-04T08:00:00+00:00,56000.0,C,4810.912109999999,8804.2836,6807.597855,62887.74,51.41,2026-07-31T16:24:21.479000+00:00
2027-06-25T08:00:00+00:00,68000.0,P,11948.284109999999,12144.15762,12046.220865,65291.17,42.43,2026-07-31T16:24:21.479000+00:00
2026-12-25T08:00:00+00:00,85000.0,P,22025.886544999998,22409.501405,22217.693975,63935.81,39.06,2026-07-31T16:24:21.479000+00:00
2026-12-25T08:00:00+00:00,84000.0,P,21130.785205,21546.36797,21338.5765875,63935.81,38.97,2026-07-31T16:24:21.479000+00:00
2026-10-30T08:00:00+00:00,70000.0,C,2191.1398500000005,2286.4067999999997,2238.773325,63511.3,36.17,2026-07-31T16:24:21.479000+00:00
2026-10-30T08:00:00+00:00,86000.0,C,279.44972,285.80084999999997,282.625285,63511.3,37.2,2026-07-31T16:24:21.479000+00:00
2026-09-25T08:00:00+00:00,84000.0,P,20570.0105,21266.22624,20918.11837,63292.34,37.15,2026-07-31T16:24:21.479000+00:00
2026-08-04T08:00:00+00:00,57000.0,C,3773.2643999999996,7860.9675,5817.115949999999,62887.74,47.65,2026-07-31T16:24:21.479000+00:00
2027-03-26T08:00:00+00:00,180000.0,P,109450.24591499999,122497.722855,115973.984385,64591.47,49.81,2026-07-31T16:24:21.479000+00:00
2027-06-25T08:00:00+00:00,72000.0,C,7736.8744799999995,7900.09968,7818.48708,65290.08,42.02,2026-07-31T16:24:21.479000+00:00
2026-08-14T08:00:00+00:00,68000.0,C,163.702032,188.88696000000002,176.294496,62962.32,30.87,2026-07-31T16:24:21.479000+00:00
2026-08-14T08:00:00+00:00,59000.0,P,440.73624,472.2174,456.47682000000003,62962.32,37.93,2026-07-31T16:24:21.479000+00:00
2027-06-25T08:00:00+00:00,110000.0,P,45997.629265,46617.895379999994,46307.7623225,65291.17,42.03,2026-07-31T16:24:21.479000+00:00
2026-08-07T08:00:00+00:00,62000.0,P,723.57448,786.494,755.03424,62919.52,33.86,2026-07-31T16:24:21.479000+00:00
2026-09-25T08:00:00+00:00,165000.0,P,96204.3568,107786.85502,101995.60590999998,63292.34,71.63,2026-07-31T16:24:21.479000+00:00
2026-09-25T08:00:00+00:00,60000.0,C,5411.49507,5538.079749999999,5474.787409999999,63292.34,37.63,2026-07-31T16:24:21.479000+00:00
2026-09-25T08:00:00+00:00,110000.0,P,46393.28522,47342.67032,46867.97777,63292.34,52.64,2026-07-31T16:24:21.479000+00:00
2026-08-02T08:00:00+00:00,60000.0,C,785.961125,4904.39742,2845.1792725,62876.89,36.04,2026-07-31T16:24:21.479000+00:00
2026-08-21T08:00:00+00:00,60000.0,C,3843.63196,4064.16822,3953.90009,63010.36,36.56,2026-07-31T16:24:21.479000+00:00
2026-08-28T08:00:00+00:00,66000.0,C,1072.1228500000002,1135.1888999999999,1103.6558750000002,63066.05,32.26,2026-07-31T16:24:21.479000+00:00
2026-12-25T08:00:00+00:00,130000.0,C,63.93581,76.72297199999998,70.329391,63935.81,46.79,2026-07-31T16:24:21.479000+00:00
2026-08-04T08:00:00+00:00,60000.0,P,88.042836,113.197932,100.620384,62887.74,36.06,2026-07-31T16:24:21.479000+00:00
2026-08-14T08:00:00+00:00,64000.0,P,2109.2089100000003,2203.6511,2156.430005,62961.46,31.8,2026-07-31T16:24:21.479000+00:00
2027-03-26T08:00:00+00:00,92000.0,C,1711.673955,1776.265425,1743.96969,64591.47,40.31,2026-07-31T16:24:21.479000+00:00
2026-08-02T08:00:00+00:00,68000.0,P,2860.8479899999998,7607.96938,5234.408685,62875.78,37.53,2026-07-31T16:24:21.479000+00:00
2027-06-25T08:00:00+00:00,58000.0,P,6920.74848,7083.97368,7002.36108,65290.08,44.29,2026-07-31T16:24:21.479000+00:00
2027-03-26T08:00:00+00:00,96000.0,P,32618.69235,33167.719845,32893.2060975,64591.47,40.49,2026-07-31T16:24:21.479000+00:00
2026-10-30T08:00:00+00:00,88000.0,C,222.28955000000002,247.69407,234.99181000000002,63511.3,37.74,2026-07-31T16:24:21.479000+00:00
2026-08-28T08:00:00+00:00,64000.0,P,2774.85736,2869.45477,2822.156065,63064.94,33.3,2026-07-31T16:24:21.479000+00:00
2026-08-01T08:00:00+00:00,67000.0,P,1917.1287399999999,6599.9514,4258.54007,62856.68,47.4,2026-07-31T16:24:21.479000+00:00
2026-10-30T08:00:00+00:00,62000.0,C,5493.727449999999,5588.9944,5541.360925,63511.3,38.2,2026-07-31T16:24:21.479000+00:00
2026-09-25T08:00:00+00:00,115000.0,P,51361.733909999995,52374.411349999995,51868.072629999995,63292.34,55.41,2026-07-31T16:24:21.479000+00:00
2027-06-25T08:00:00+00:00,74000.0,C,7051.44636,7214.674285,7133.0603224999995,65291.17,41.83,2026-07-31T16:24:21.479000+00:00
2027-06-25T08:00:00+00:00,68000.0,C,9238.700555,9401.928479999999,9320.314517499999,65291.17,42.43,2026-07-31T16:24:21.479000+00:00
2026-08-03T08:00:00+00:00,66500.0,P,1414.7365499999999,6067.64787,3741.1922099999997,62877.18,31.03,2026-07-31T16:24:21.479000+00:00
2026-08-04T08:00:00+00:00,63500.0,P,1037.64771,1131.97932,1084.813515,62887.74,28.68,2026-07-31T16:24:21.479000+00:00
2026-08-04T08:00:00+00:00,62000.0,P,377.32644,440.21418,408.77031,62887.74,30.52,2026-07-31T16:24:21.479000+00:00
2026-09-25T08:00:00+00:00,75000.0,C,379.75404,443.04638,411.40020999999996,63292.34,33.74,2026-07-31T16:24:21.479000+00:00
2026-08-28T08:00:00+00:00,83000.0,P,19708.140625,20370.334150000002,20039.2373875,63066.05,40.67,2026-07-31T16:24:21.479000+00:00
2027-03-26T08:00:00+00:00,65000.0,P,8784.43992,8913.622860000001,8849.03139,64591.47,41.53,2026-07-31T16:24:21.479000+00:00
2026-10-30T08:00:00+00:00,57000.0,C,8669.29245,8859.826350000001,8764.559400000002,63511.3,40.47,2026-07-31T16:24:21.479000+00:00
2026-08-14T08:00:00+00:00,58000.0,C,5162.91024,5414.75952,5288.83488,62962.32,39.21,2026-07-31T16:24:21.479000+00:00
2026-08-01T08:00:00+00:00,62000.0,P,43.999676,56.571011999999996,50.285344,62856.68,29.11,2026-07-31T16:24:21.479000+00:00
2026-12-25T08:00:00+00:00,92000.0,C,607.390195,639.3581,623.3741474999999,63935.81,39.81,2026-07-31T16:24:21.479000+00:00
2026-08-07T08:00:00+00:00,64500.0,P,1824.6338900000003,2265.06276,2044.8483250000002,62918.41,31.86,2026-07-31T16:24:21.479000+00:00
2026-09-25T08:00:00+00:00,240000.0,P,168705.73227,185478.20236999998,177091.96732,63292.34,74.86,2026-07-31T16:24:21.479000+00:00
2026-08-02T08:00:00+00:00,63000.0,C,301.803744,345.81678999999997,323.810267,62875.78,23.45,2026-07-31T16:24:21.479000+00:00
2027-03-26T08:00:00+00:00,90000.0,C,1905.448365,2002.33557,1953.8919675,64591.47,40.23,2026-07-31T16:24:21.479000+00:00
2026-08-01T08:00:00+00:00,58000.0,C,2734.2655799999998,6788.5214399999995,4761.39351,62856.68,64.72,2026-07-31T16:24:21.479000+00:00
2026-08-14T08:00:00+00:00,67000.0,P,4186.99428,4470.32472,4328.659500000001,62962.32,30.8,2026-07-31T16:24:21.479000+00:00
2026-12-25T08:00:00+00:00,86000.0,C,991.005055,1054.940865,1022.97296,63935.81,39.07,2026-07-31T16:24:21.479000+00:00
2026-09-25T08:00:00+00:00,95000.0,P,31456.29298,32279.093399999998,31867.693189999995,63292.34,43.18,2026-07-31T16:24:21.479000+00:00
2027-06-25T08:00:00+00:00,90000.0,P,28009.91193,28466.950119999998,28238.431024999998,65291.17,41.3,2026-07-31T16:24:21.479000+00:00
2026-10-30T08:00:00+00:00,68000.0,P,7303.799500000001,7526.08905,7414.944275000001,63511.3,36.52,2026-07-31T16:24:21.479000+00:00
2026-08-21T08:00:00+00:00,72000.0,C,75.612432,81.913468,78.76295,63010.36,32.08,2026-07-31T16:24:21.479000+00:00
2027-03-26T08:00:00+00:00,160000.0,P,90106.64910000001,101894.79495,96000.72202500001,64592.58,47.86,2026-07-31T16:24:21.479000+00:00
2026-12-25T08:00:00+00:00,74000.0,C,2813.22448,2877.1614,2845.19294,63936.92,38.78,2026-07-31T16:24:21.479000+00:00
2026-08-07T08:00:00+00:00,67000.0,P,4058.30904,4341.44688,4199.87796,62919.52,33.31,2026-07-31T16:24:21.479000+00:00
2026-09-25T08:00:00+00:00,58000.0,P,1582.3085,1645.6008399999998,1613.9546699999999,63292.34,38.96,2026-07-31T16:24:21.479000+00:00
2026-12-25T08:00:00+00:00,54000.0,C,12467.6994,12723.44708,12595.57324,63936.92,43.59,2026-07-31T16:24:21.479000+00:00
2026-08-01T08:00:00+00:00,70000.0,P,4808.53602,9679.92872,7244.232370000001,62856.68,47.53,2026-07-31T16:24:21.479000+00:00
2026-08-03T08:00:00+00:00,60000.0,P,37.725851999999996,50.301136,44.013494,62876.42,34.27,2026-07-31T16:24:21.479000+00:00
2026-08-01T08:00:00+00:00,64000.0,P,942.8502,1414.2753,1178.56275,62856.68,30.14,2026-07-31T16:24:21.479000+00:00
2027-06-25T08:00:00+00:00,72000.0,P,14429.34857,14657.867665,14543.6081175,65291.17,42.02,2026-07-31T16:24:21.479000+00:00
2026-08-21T08:00:00+00:00,64000.0,P,2488.90922,2583.4247600000003,2536.16699,63010.36,32.91,2026-07-31T16:24:21.479000+00:00
2026-12-25T08:00:00+00:00,45000.0,C,19947.972719999998,20171.748055,20059.860387499997,63935.81,50.04,2026-07-31T16:24:21.479000+00:00
2026-08-02T08:00:00+00:00,63500.0,P,597.330455,1006.03024,801.6803474999999,62876.89,23.23,2026-07-31T16:24:21.479000+00:00
2026-08-21T08:00:00+00:00,58000.0,C,5450.39614,5670.9324,5560.664269999999,63010.36,38.73,2026-07-31T16:24:21.479000+00:00
2027-06-25T08:00:00+00:00,70000.0,C,8455.06536,8618.290560000001,8536.67796,65290.08,42.23,2026-07-31T16:24:21.479000+00:00
2026-08-21T08:00:00+00:00,61000.0,C,3182.079235,3276.59644,3229.3378374999998,63011.47,35.55,2026-07-31T16:24:21.479000+00:00
2026-12-25T08:00:00+00:00,68000.0,P,8695.27016,8919.045495,8807.157827500001,63935.81,39.28,2026-07-31T16:24:21.479000+00:00
2026-12-25T08:00:00+00:00,115000.0,P,50860.936855,53418.369255,52139.653054999995,63935.81,43.72,2026-07-31T16:24:21.479000+00:00
2027-03-26T08:00:00+00:00,98000.0,P,34459.549245,35073.16821,34766.3587275,64591.47,40.61,2026-07-31T16:24:21.479000+00:00
2026-08-28T08:00:00+00:00,100000.0,P,36609.842025000005,38785.62075,37697.7313875,63066.05,59.41,2026-07-31T16:24:21.479000+00:00
2027-06-25T08:00:00+00:00,78000.0,P,18542.382719999998,18868.83312,18705.60792,65290.08,41.58,2026-07-31T16:24:21.479000+00:00
2026-10-30T08:00:00+00:00,48000.0,P,730.37995,762.1356000000001,746.257775,63511.3,47.45,2026-07-31T16:24:21.479000+00:00
2026-08-07T08:00:00+00:00,70000.0,C,18.875523,31.459205,25.167364000000003,62918.41,39.39,2026-07-31T16:24:21.479000+00:00
2026-09-25T08:00:00+00:00,84000.0,C,94.940175,113.92820999999999,104.4341925,63293.45,37.15,2026-07-31T16:24:21.479000+00:00
2026-12-25T08:00:00+00:00,102000.0,P,38105.742759999994,38841.004575,38473.3736675,63935.81,41.3,2026-07-31T16:24:21.479000+00:00
2026-08-04T08:00:00+00:00,58000.0,P,25.155096,37.73264399999999,31.44387,62887.74,42.94,2026-07-31T16:24:21.479000+00:00
2027-06-25T08:00:00+00:00,120000.0,C,946.7061600000001,1077.2863200000002,1011.9962400000001,65290.08,42.61,2026-07-31T16:24:21.479000+00:00
2026-08-04T08:00:00+00:00,61500.0,P,264.12850799999995,295.572378,279.850443,62887.74,31.82,2026-07-31T16:24:21.479000+00:00
2026-08-28T08:00:00+00:00,98000.0,P,34591.728425,36799.040175,35695.3843,63066.05,57.12,2026-07-31T16:24:21.479000+00:00
2026-09-25T08:00:00+00:00,65000.0,P,4398.8176300000005,4493.7561399999995,4446.286885,63292.34,35.05,2026-07-31T16:24:21.479000+00:00
2027-03-26T08:00:00+00:00,170000.0,P,99729.22968,112195.38339,105962.30653500001,64591.47,48.8,2026-07-31T16:24:21.479000+00:00
2026-08-14T08:00:00+00:00,80000.0,C,6.296146,12.592292,9.444218999999999,62961.46,47.52,2026-07-31T16:24:21.479000+00:00
2026-09-25T08:00:00+00:00,160000.0,P,91362.49278999999,102628.52930999998,96995.51104999999,63292.34,71.63,2026-07-31T16:24:21.479000+00:00
2026-09-25T08:00:00+00:00,80000.0,P,16645.88542,17310.454990000002,16978.170205,63292.34,35.1,2026-07-31T16:24:21.479000+00:00
2026-08-01T08:00:00+00:00,61500.0,C,817.13684,3425.68906,2121.4129500000004,62856.68,31.85,2026-07-31T16:24:21.479000+00:00
2026-08-21T08:00:00+00:00,56000.0,P,315.0518,346.55698,330.80439,63010.36,41.71,2026-07-31T16:24:21.479000+00:00
2026-08-04T08:00:00+00:00,56000.0,P,6.288774,25.155096,15.721935,62887.74,51.41,2026-07-31T16:24:21.479000+00:00
2026-08-01T08:00:00+00:00,64500.0,C,6.285668,12.571336,9.428502,62856.68,33.75,2026-07-31T16:24:21.479000+00:00
2026-08-04T08:00:00+00:00,66000.0,C,37.73264399999999,44.021418,40.877030999999995,62887.74,30.47,2026-07-31T16:24:21.479000+00:00
2027-03-26T08:00:00+00:00,90000.0,P,27193.008869999998,27677.444895,27435.226882500003,64591.47,40.23,2026-07-31T16:24:21.479000+00:00
2026-10-30T08:00:00+00:00,80000.0,P,16957.5171,17306.829250000003,17132.173175,63511.3,36.18,2026-07-31T16:24:21.479000+00:00
2027-03-26T08:00:00+00:00,54000.0,P,4101.558345,4198.44555,4150.0019475,64591.47,44.38,2026-07-31T16:24:21.479000+00:00
2026-08-28T08:00:00+00:00,90000.0,C,6.306605,18.919815,12.61321,63066.05,48.38,2026-07-31T16:24:21.479000+00:00
2027-03-26T08:00:00+00:00,60000.0,P,6329.96406,6459.147000000001,6394.5555300000005,64591.47,42.59,2026-07-31T16:24:21.479000+00:00
2026-12-25T08:00:00+00:00,65000.0,C,5882.09452,6009.9661399999995,5946.03033,63935.81,39.8,2026-07-31T16:24:21.479000+00:00
2026-08-07T08:00:00+00:00,71000.0,C,12.583904,25.167808,18.875856,62919.52,41.08,2026-07-31T16:24:21.479000+00:00
2026-08-02T08:00:00+00:00,65000.0,P,1823.39762,2452.15542,2137.77652,62875.78,28.56,2026-07-31T16:24:21.479000+00:00
2026-08-28T08:00:00+00:00,53000.0,C,10185.167075000001,10437.431275,10311.299175,63066.05,45.31,2026-07-31T16:24:21.479000+00:00
2026-09-25T08:00:00+00:00,105000.0,P,41393.9163,42280.0246,41836.97045,63293.45,49.34,2026-07-31T16:24:21.479000+00:00
2026-12-25T08:00:00+00:00,230000.0,P,158432.93718,174640.665015,166536.8010975,63935.81,62.26,2026-07-31T16:24:21.479000+00:00
2026-09-25T08:00:00+00:00,72000.0,C,727.86191,791.15425,759.50808,63292.34,33.71,2026-07-31T16:24:21.479000+00:00
2026-09-25T08:00:00+00:00,130000.0,P,62374.60107,71583.63653999999,66979.11880499999,63292.34,63.28,2026-07-31T16:24:21.479000+00:00
2026-08-01T08:00:00+00:00,62500.0,C,439.99676,534.28178,487.13927,62856.68,26.69,2026-07-31T16:24:21.479000+00:00
2026-08-02T08:00:00+00:00,62500.0,C,565.8920099999999,628.7689,597.330455,62876.89,23.7,2026-07-31T16:24:21.479000+00:00
2026-09-25T08:00:00+00:00,70000.0,P,7690.154175,8006.621424999999,7848.3877999999995,63293.45,33.71,2026-07-31T16:24:21.479000+00:00
2027-03-26T08:00:00+00:00,150000.0,C,142.101234,180.85611600000001,161.478675,64591.47,46.59,2026-07-31T16:24:21.479000+00:00
2026-12-25T08:00:00+00:00,45000.0,P,1118.876675,1150.84458,1134.8606275,63935.81,50.04,2026-07-31T16:24:21.479000+00:00
2026-08-01T08:00:00+00:00,69000.0,P,3834.2574799999998,8642.793500000002,6238.52549,62856.68,47.4,2026-07-31T16:24:21.479000+00:00
2026-10-30T08:00:00+00:00,67000.0,P,6668.6865,6795.7091,6732.1978,63511.3,36.74,2026-07-31T16:24:21.479000+00:00
2027-06-25T08:00:00+00:00,60000.0,C,13058.016000000001,13221.2412,13139.628600000002,65290.08,43.79,2026-07-31T16:24:21.479000+00:00
2026-08-14T08:00:00+00:00,50000.0,P,25.184584,37.776875999999994,31.48073,62961.46,54.71,2026-07-31T16:24:21.479000+00:00
2026-08-07T08:00:00+00:00,53000.0,C,9689.60608,10727.77816,10208.69212,62919.52,58.32,2026-07-31T16:24:21.479000+00:00
2026-08-21T08:00:00+00:00,67000.0,C,535.58806,567.0932399999999,551.3406500000001,63010.36,31.11,2026-07-31T16:24:21.479000+00:00
2026-10-30T08:00:00+00:00,59000.0,C,7303.799500000001,7430.8221,7367.310800000001,63511.3,39.44,2026-07-31T16:24:21.479000+00:00
2026-08-02T08:00:00+00:00,62000.0,C,534.44413,3018.03744,1776.240785,62875.78,25.26,2026-07-31T16:24:21.479000+00:00
2027-03-26T08:00:00+00:00,106000.0,C,775.0976400000001,839.68911,807.3933750000001,64591.47,41.16,2026-07-31T16:24:21.479000+00:00
2026-10-30T08:00:00+00:00,48000.0,C,16131.870200000001,16354.15975,16243.014975,63511.3,47.45,2026-07-31T16:24:21.479000+00:00
2026-08-02T08:00:00+00:00,62500.0,P,213.78142599999998,251.50756,232.644493,62876.89,23.7,2026-07-31T16:24:21.479000+00:00
2026-08-28T08:00:00+00:00,80000.0,C,18.919815,31.533025000000002,25.22642,63066.05,37.34,2026-07-31T16:24:21.479000+00:00
2026-09-25T08:00:00+00:00,100000.0,C,25.316936,31.646169999999998,28.481552999999998,63292.34,47.32,2026-07-31T16:24:21.479000+00:00
2027-03-26T08:00:00+00:00,98000.0,C,1194.9421949999999,1291.8294,1243.3857975,64591.47,40.61,2026-07-31T16:24:21.479000+00:00
2026-10-30T08:00:00+00:00,88000.0,P,24420.09485,25118.71915,24769.407000000003,63511.3,37.74,2026-07-31T16:24:21.479000+00:00
2026-08-14T08:00:00+00:00,65000.0,P,2707.37976,2864.78556,2786.08266,62962.32,30.98,2026-07-31T16:24:21.479000+00:00
2026-09-25T08:00:00+00:00,60000.0,P,2183.624025,2246.9174749999997,2215.27075,63293.45,37.63,2026-07-31T16:24:21.479000+00:00
2026-08-07T08:00:00+00:00,61000.0,P,471.89639999999997,503.35616,487.62627999999995,62919.52,35.81,2026-07-31T16:24:21.479000+00:00
2026-12-25T08:00:00+00:00,72000.0,P,11380.77176,11636.51944,11508.6456,63936.92,38.86,2026-07-31T16:24:21.479000+00:00
2027-03-26T08:00:00+00:00,56000.0,C,13273.547085,13499.61723,13386.582157499999,64591.47,43.66,2026-07-31T16:24:21.479000+00:00
2026-08-28T08:00:00+00:00,62000.0,P,1860.41573,1923.48067,1891.9482,63064.94,34.77,2026-07-31T16:24:21.479000+00:00
2027-06-25T08:00:00+00:00,55000.0,C,15996.0696,16191.939840000001,16094.00472,65290.08,45.03,2026-07-31T16:24:21.479000+00:00
2026-08-01T08:00:00+00:00,57000.0,C,3771.4008,7731.37164,5751.38622,62856.68,64.72,2026-07-31T16:24:21.479000+00:00
2026-12-25T08:00:00+00:00,56000.0,C,11028.927225,11252.70256,11140.814892499999,63935.81,42.62,2026-07-31T16:24:21.479000+00:00
2026-09-25T08:00:00+00:00,52000.0,P,601.2772299999999,664.56957,632.9234,63292.34,44.49,2026-07-31T16:24:21.479000+00:00
2027-03-26T08:00:00+00:00,86000.0,P,23737.365225,24157.20978,23947.287502500003,64591.47,40.15,2026-07-31T16:24:21.479000+00:00
2027-03-26T08:00:00+00:00,40000.0,P,1356.4208700000001,1388.7166049999998,1372.5687375000002,64591.47,52.39,2026-07-31T16:24:21.479000+00:00
2027-03-26T08:00:00+00:00,120000.0,C,387.54882000000003,452.14029,419.844555,64591.47,42.55,2026-07-31T16:24:21.479000+00:00
2026-08-01T08:00:00+00:00,63500.0,C,56.571011999999996,75.428016,65.99951399999999,62856.68,27.47,2026-07-31T16:24:21.479000+00:00
2026-10-30T08:00:00+00:00,80000.0,C,571.6016999999999,635.113,603.35735,63511.3,36.18,2026-07-31T16:24:21.479000+00:00
2027-06-25T08:00:00+00:00,140000.0,C,489.68377499999997,587.6205299999999,538.6521525,65291.17,44.25,2026-07-31T16:24:21.479000+00:00
2026-08-07T08:00:00+00:00,62000.0,C,1604.4477599999998,1667.36728,1635.9075199999997,62919.52,33.86,2026-07-31T16:24:21.479000+00:00
2026-08-03T08:00:00+00:00,71000.0,P,5753.26197,10751.997780000002,8252.629875,62877.18,40.47,2026-07-31T16:24:21.479000+00:00
2027-03-26T08:00:00+00:00,56000.0,P,4747.473045,4876.655985,4812.064515,64591.47,43.66,2026-07-31T16:24:21.479000+00:00
2027-06-25T08:00:00+00:00,56000.0,C,15375.813839999999,15571.684079999999,15473.748959999999,65290.08,44.77,2026-07-31T16:24:21.479000+00:00
2026-08-04T08:00:00+00:00,66000.0,P,1037.64771,5597.00886,3317.3282849999996,62887.74,30.47,2026-07-31T16:24:21.479000+00:00
2026-09-25T08:00:00+00:00,64000.0,C,3132.9708299999998,3196.26317,3164.617,63292.34,35.51,2026-07-31T16:24:21.479000+00:00
2026-08-28T08:00:00+00:00,40000.0,P,18.919815,25.22642,22.073117500000002,63066.05,67.36,2026-07-31T16:24:21.479000+00:00
2026-09-25T08:00:00+00:00,220000.0,P,149340.89527500002,164721.203625,157031.04945,63293.45,72.81,2026-07-31T16:24:21.479000+00:00
2026-12-25T08:00:00+00:00,50000.0,C,15632.305545,15856.08088,15744.193212499998,63935.81,46.02,2026-07-31T16:24:21.479000+00:00
2026-08-14T08:00:00+00:00,52000.0,C,10766.55672,11301.736439999999,11034.146579999999,62962.32,50.88,2026-07-31T16:24:21.479000+00:00
2026-10-30T08:00:00+00:00,69000.0,C,2476.9407,2572.2076500000003,2524.574175,63511.3,36.33,2026-07-31T16:24:21.479000+00:00
2026-08-07T08:00:00+00:00,75000.0,P,11828.66108,12489.304385000001,12158.9827325,62918.41,52.17,2026-07-31T16:24:21.479000+00:00
2027-06-25T08:00:00+00:00,84000.0,C,4439.79956,4603.027485,4521.4135225,65291.17,41.37,2026-07-31T16:24:21.479000+00:00
2026-08-03T08:00:00+00:00,64500.0,P,1477.61373,1949.19258,1713.403155,62877.18,26.15,2026-07-31T16:24:21.479000+00:00
2026-08-03T08:00:00+00:00,62000.0,C,943.1462999999999,1288.96661,1116.056455,62876.42,27.4,2026-07-31T16:24:21.479000+00:00
2026-09-25T08:00:00+00:00,40000.0,P,126.58467999999999,139.243148,132.91391399999998,63292.34,62.07,2026-07-31T16:24:21.479000+00:00
2026-09-25T08:00:00+00:00,280000.0,P,207314.05967,226966.33123999997,217140.195455,63292.34,81.51,2026-07-31T16:24:21.479000+00:00
2026-10-30T08:00:00+00:00,69000.0,P,7970.66815,8097.690750000001,8034.1794500000005,63511.3,36.33,2026-07-31T16:24:21.479000+00:00
2026-08-04T08:00:00+00:00,60000.0,C,2704.17282,3427.38183,3065.777325,62887.74,36.06,2026-07-31T16:24:21.479000+00:00
2026-10-30T08:00:00+00:00,62000.0,P,4001.2119000000002,4096.47885,4048.8453750000003,63511.3,38.2,2026-07-31T16:24:21.479000+00:00
2026-08-07T08:00:00+00:00,69000.0,P,5914.43488,7644.72168,6779.57828,62919.52,36.68,2026-07-31T16:24:21.479000+00:00
2027-06-25T08:00:00+00:00,88000.0,P,26311.902240000003,26768.9328,26540.41752,65290.08,41.32,2026-07-31T16:24:21.479000+00:00
2026-08-02T08:00:00+00:00,70000.0,P,4841.52053,9651.602615,7246.561572500001,62876.89,38.52,2026-07-31T16:24:21.479000+00:00
2026-10-30T08:00:00+00:00,86000.0,P,22514.75585,25023.452200000003,23769.104025000004,63511.3,37.2,2026-07-31T16:24:21.479000+00:00
2027-03-26T08:00:00+00:00,82000.0,P,20378.608785,20798.45334,20588.5310625,64591.47,40.08,2026-07-31T16:24:21.479000+00:00
2026-12-25T08:00:00+00:00,64000.0,C,6361.613095,6457.51681,6409.5649525,63935.81,40.01,2026-07-31T16:24:21.479000+00:00
2027-03-26T08:00:00+00:00,95000.0,P,31682.660490000002,32231.69742,31957.178955000003,64592.58,40.45,2026-07-31T16:24:21.479000+00:00
2026-12-25T08:00:00+00:00,95000.0,C,479.51857499999994,511.48648,495.5025275,63935.81,40.1,2026-07-31T16:24:21.479000+00:00
2026-09-25T08:00:00+00:00,95000.0,C,25.316936,37.975404,31.646169999999998,63292.34,43.18,2026-07-31T16:24:21.479000+00:00
2026-08-07T08:00:00+00:00,64000.0,P,1667.337865,1793.1746850000002,1730.2562750000002,62918.41,31.85,2026-07-31T16:24:21.479000+00:00
2026-09-25T08:00:00+00:00,35000.0,C,28228.38364,28449.90683,28339.145234999996,63292.34,70.96,2026-07-31T16:24:21.479000+00:00
2026-12-25T08:00:00+00:00,240000.0,P,168087.24448999998,184966.29833,176526.77141000002,63935.81,62.35,2026-07-31T16:24:21.479000+00:00
2026-08-28T08:00:00+00:00,86000.0,P,22672.244975,24469.6274,23570.936187500003,63066.05,44.4,2026-07-31T16:24:21.479000+00:00
2027-06-25T08:00:00+00:00,105000.0,C,1762.86159,1860.798345,1811.8299675,65291.17,41.75,2026-07-31T16:24:21.479000+00:00
2026-12-25T08:00:00+00:00,86000.0,P,22920.987885,23368.538555,23144.763219999997,63935.81,39.07,2026-07-31T16:24:21.479000+00:00
2026-08-28T08:00:00+00:00,79000.0,C,25.22642,31.533025000000002,28.3797225,63066.05,36.36,2026-07-31T16:24:21.479000+00:00
2026-08-28T08:00:00+00:00,78000.0,P,14757.455700000002,16680.970225,15719.2129625,63066.05,35.77,2026-07-31T16:24:21.479000+00:00
2026-08-02T08:00:00+00:00,57000.0,C,3804.051845,7828.172805,5816.112325,62876.89,57.45,2026-07-31T16:24:21.479000+00:00
2026-08-03T08:00:00+00:00,62500.0,P,345.82030999999995,408.69672999999995,377.25852,62876.42,26.52,2026-07-31T16:24:21.479000+00:00
2027-03-26T08:00:00+00:00,150000.0,P,80450.05839,91624.57473000001,86037.31656,64592.58,46.59,2026-07-31T16:24:21.479000+00:00
2026-09-25T08:00:00+00:00,45000.0,P,234.181658,259.498594,246.84012599999997,63292.34,53.76,2026-07-31T16:24:21.479000+00:00
2026-12-25T08:00:00+00:00,20000.0,C,43987.83727999999,44083.740995,44035.789137499996,63935.81,84.92,2026-07-31T16:24:21.479000+00:00
2027-03-26T08:00:00+00:00,110000.0,C,645.9147,678.2104350000001,662.0625675,64591.47,41.47,2026-07-31T16:24:21.479000+00:00
2027-03-26T08:00:00+00:00,125000.0,C,322.95735,387.54882000000003,355.253085,64591.47,43.4,2026-07-31T16:24:21.479000+00:00
2026-12-25T08:00:00+00:00,150000.0,P,81072.01456,91845.38558,86458.70006999999,63936.92,50.54,2026-07-31T16:24:21.479000+00:00
2027-06-25T08:00:00+00:00,120000.0,P,55496.568,56149.4688,55823.0184,65290.08,42.61,2026-07-31T16:24:21.479000+00:00
2026-10-30T08:00:00+00:00,63000.0,P,4477.54665,4541.057949999999,4509.302299999999,63511.3,37.84,2026-07-31T16:24:21.479000+00:00
2027-06-25T08:00:00+00:00,64000.0,P,9761.029915,9924.25784,9842.643877499999,65291.17,43.0,2026-07-31T16:24:21.479000+00:00
2027-06-25T08:00:00+00:00,95000.0,C,2709.53832,2840.11848,2774.8284000000003,65290.08,41.41,2026-07-31T16:24:21.479000+00:00
2026-12-25T08:00:00+00:00,98000.0,C,383.62152,415.58997999999997,399.60575,63936.92,40.55,2026-07-31T16:24:21.479000+00:00
2026-08-14T08:00:00+00:00,52000.0,P,50.369856,62.96232,56.666087999999995,62962.32,50.88,2026-07-31T16:24:21.479000+00:00
2026-12-25T08:00:00+00:00,108000.0,P,43956.6325,46737.88852,45347.26051,63936.92,42.28,2026-07-31T16:24:21.479000+00:00
2026-08-02T08:00:00+00:00,64000.0,P,943.1366999999999,1446.14294,1194.6398199999999,62875.78,24.25,2026-07-31T16:24:21.479000+00:00
2026-08-21T08:00:00+00:00,56000.0,C,6710.60334,7624.25356,7167.42845,63010.36,41.71,2026-07-31T16:24:21.479000+00:00
2027-06-25T08:00:00+00:00,74000.0,P,15735.17197,16028.982235,15882.0771025,65291.17,41.83,2026-07-31T16:24:21.479000+00:00
2026-08-28T08:00:00+00:00,94000.0,P,30618.02837,31406.34012,31012.184245000004,63064.94,52.35,2026-07-31T16:24:21.479000+00:00
2026-09-25T08:00:00+00:00,86000.0,C,69.622795,88.61082999999999,79.1168125,63293.45,38.21,2026-07-31T16:24:21.479000+00:00
2026-08-07T08:00:00+00:00,63500.0,C,786.480125,849.398535,817.93933,62918.41,32.06,2026-07-31T16:24:21.479000+00:00
2026-12-25T08:00:00+00:00,115000.0,C,127.87162,153.44594399999997,140.658782,63935.81,43.72,2026-07-31T16:24:21.479000+00:00
2027-03-26T08:00:00+00:00,140000.0,P,70792.25112,81385.2522,76088.75166,64591.47,45.37,2026-07-31T16:24:21.479000+00:00
2026-08-04T08:00:00+00:00,64500.0,P,1100.53545,3521.71344,2311.124445,62887.74,28.67,2026-07-31T16:24:21.479000+00:00
2026-12-25T08:00:00+00:00,80000.0,P,17646.28356,17997.930514999996,17822.107037499998,63935.81,38.87,2026-07-31T16:24:21.479000+00:00
2026-09-25T08:00:00+00:00,56000.0,P,1139.2621199999999,1234.2006299999998,1186.7313749999998,63292.34,40.59,2026-07-31T16:24:21.479000+00:00
2026-08-28T08:00:00+00:00,50000.0,P,132.438705,151.35852,141.89861249999998,63066.05,49.57,2026-07-31T16:24:21.479000+00:00
2026-08-07T08:00:00+00:00,55000.0,P,37.751712,44.043664,40.897687999999995,62919.52,51.32,2026-07-31T16:24:21.479000+00:00
2027-03-26T08:00:00+00:00,70000.0,P,11723.55327,11885.03472,11804.293995,64592.58,40.9,2026-07-31T16:24:21.479000+00:00
2027-06-25T08:00:00+00:00,86000.0,C,4047.9849600000002,4211.2101600000005,4129.59756,65290.08,41.33,2026-07-31T16:24:21.479000+00:00
2027-03-26T08:00:00+00:00,64000.0,C,8816.735655,8945.918595000001,8881.327125000002,64591.47,41.75,2026-07-31T16:24:21.479000+00:00
2026-12-25T08:00:00+00:00,82000.0,P,19340.918299999998,19724.539819999998,19532.729059999998,63936.92,38.91,2026-07-31T16:24:21.479000+00:00
2026-08-28T08:00:00+00:00,78000.0,C,31.533025000000002,44.146235000000004,37.83963,63066.05,35.77,2026-07-31T16:24:21.479000+00:00
2026-12-25T08:00:00+00:00,90000.0,P,26629.727179999998,27109.25408,26869.49063,63936.92,39.35,2026-07-31T16:24:21.479000+00:00
2026-08-28T08:00:00+00:00,92000.0,C,6.306494000000001,18.919482,12.612988000000001,63064.94,50.87,2026-07-31T16:24:21.479000+00:00
2027-03-26T08:00:00+00:00,50000.0,C,17504.288370000002,17762.654250000003,17633.47131,64591.47,46.03,2026-07-31T16:24:21.479000+00:00
2026-08-28T08:00:00+00:00,79000.0,P,15734.979475,17153.965600000003,16444.472537499998,63066.05,36.36,2026-07-31T16:24:21.479000+00:00
2026-10-30T08:00:00+00:00,74000.0,P,11717.834850000001,12067.147,11892.490925,63511.3,36.01,2026-07-31T16:24:21.479000+00:00
2027-06-25T08:00:00+00:00,140000.0,P,70253.29892,81483.38016,75868.33953999999,65291.17,44.25,2026-07-31T16:24:21.479000+00:00
2026-08-07T08:00:00+00:00,72000.0,C,12.583682000000001,18.875523,15.7296025,62918.41,42.93,2026-07-31T16:24:21.479000+00:00
2026-12-25T08:00:00+00:00,180000.0,P,110131.34469999999,122822.82332,116477.08400999999,63936.92,54.95,2026-07-31T16:24:21.479000+00:00
2026-08-28T08:00:00+00:00,88000.0,P,24658.82555,25384.085125,25021.4553375,63066.05,47.19,2026-07-31T16:24:21.479000+00:00
2026-08-28T08:00:00+00:00,96000.0,P,32605.14785,34434.0633,33519.605575,63066.05,54.77,2026-07-31T16:24:21.479000+00:00
2026-08-28T08:00:00+00:00,86000.0,C,12.61321,18.919815,15.766512500000001,63066.05,44.4,2026-07-31T16:24:21.479000+00:00
2027-06-25T08:00:00+00:00,76000.0,C,6431.072880000001,6594.2980800000005,6512.68548,65290.08,41.67,2026-07-31T16:24:21.479000+00:00
2026-12-25T08:00:00+00:00,35000.0,P,447.55066999999997,479.51857499999994,463.5346225,63935.81,60.94,2026-07-31T16:24:21.479000+00:00
2026-08-07T08:00:00+00:00,71000.0,P,7896.399759999999,8903.112079999999,8399.75592,62919.52,41.08,2026-07-31T16:24:21.479000+00:00
2026-09-25T08:00:00+00:00,150000.0,P,81678.76477,92311.87788999999,86995.32132999999,63292.34,70.79,2026-07-31T16:24:21.479000+00:00
2026-08-28T08:00:00+00:00,57000.0,C,6558.8692,6811.133400000001,6685.0013,63066.05,39.72,2026-07-31T16:24:21.479000+00:00
2026-10-30T08:00:00+00:00,61000.0,C,6001.81785,6160.596100000001,6081.206975,63511.3,38.58,2026-07-31T16:24:21.479000+00:00
2027-03-26T08:00:00+00:00,50000.0,P,3003.503355,3100.3905600000003,3051.9469575000003,64591.47,46.03,2026-07-31T16:24:21.479000+00:00
2026-08-03T08:00:00+00:00,69000.0,P,3804.06939,8677.05084,6240.560115,62877.18,35.95,2026-07-31T16:24:21.479000+00:00
2027-03-26T08:00:00+00:00,190000.0,C,51.673176000000005,83.96891099999999,67.8210435,64591.47,51.18,2026-07-31T16:24:21.479000+00:00
2026-12-25T08:00:00+00:00,110000.0,C,172.626687,204.594592,188.6106395,63935.81,42.74,2026-07-31T16:24:21.479000+00:00
2026-08-04T08:00:00+00:00,62500.0,C,911.88876,1006.22208,959.0554199999999,62888.88,29.91,2026-07-31T16:24:21.479000+00:00
2026-08-28T08:00:00+00:00,48000.0,P,88.29247000000001,100.90568,94.59907500000001,63066.05,52.68,2026-07-31T16:24:21.479000+00:00
2026-09-25T08:00:00+00:00,88000.0,P,24494.56515,26583.248999999996,25538.907075,63293.45,39.37,2026-07-31T16:24:21.479000+00:00
2026-08-03T08:00:00+00:00,63500.0,P,817.3934599999999,1068.89914,943.1462999999999,62876.42,25.56,2026-07-31T16:24:21.479000+00:00
2026-08-21T08:00:00+00:00,59000.0,C,4568.2510999999995,5072.33398,4820.29254,63010.36,37.7,2026-07-31T16:24:21.479000+00:00
2026-08-04T08:00:00+00:00,67000.0,C,12.577548,25.155096,18.866321999999997,62887.74,32.38,2026-07-31T16:24:21.479000+00:00
2026-08-14T08:00:00+00:00,60000.0,C,3462.9276,3714.77688,3588.85224,62962.32,36.28,2026-07-31T16:24:21.479000+00:00
2026-08-01T08:00:00+00:00,63500.0,P,534.28178,911.42186,722.85182,62856.68,27.47,2026-07-31T16:24:21.479000+00:00
2027-03-26T08:00:00+00:00,76000.0,P,15792.614415,16115.571765,15954.09309,64591.47,40.33,2026-07-31T16:24:21.479000+00:00
2026-10-30T08:00:00+00:00,64000.0,C,4477.636184999999,4541.148754999999,4509.39247,63512.57,37.52,2026-07-31T16:24:21.479000+00:00
2026-09-25T08:00:00+00:00,76000.0,C,316.46725,348.113975,332.2906125,63293.45,33.97,2026-07-31T16:24:21.479000+00:00
2026-08-02T08:00:00+00:00,58000.0,C,2766.5831599999997,6853.58101,4810.082085,62876.89,50.66,2026-07-31T16:24:21.479000+00:00
2026-09-25T08:00:00+00:00,110000.0,C,12.658468,18.987702,15.823084999999999,63292.34,52.64,2026-07-31T16:24:21.479000+00:00
2026-12-25T08:00:00+00:00,82000.0,C,1406.58782,1470.52363,1438.555725,63935.81,38.91,2026-07-31T16:24:21.479000+00:00
2026-09-25T08:00:00+00:00,55000.0,P,981.03127,1044.32361,1012.6774399999999,63292.34,41.35,2026-07-31T16:24:21.479000+00:00
2026-12-25T08:00:00+00:00,130000.0,P,61730.024554999996,71192.524435,66461.274495,63935.81,46.79,2026-07-31T16:24:21.479000+00:00
2026-12-25T08:00:00+00:00,106000.0,C,223.77922,249.353988,236.566604,63936.92,41.94,2026-07-31T16:24:21.479000+00:00
2026-08-07T08:00:00+00:00,60000.0,C,3083.0564799999997,3334.73456,3208.8955199999996,62919.52,37.83,2026-07-31T16:24:21.479000+00:00
2026-12-25T08:00:00+00:00,30000.0,C,34141.72254,34301.562065,34221.6423025,63935.81,67.99,2026-07-31T16:24:21.479000+00:00
2026-12-25T08:00:00+00:00,180000.0,C,6.393581,31.967905,19.180742999999996,63935.81,54.95,2026-07-31T16:24:21.479000+00:00
2026-09-25T08:00:00+00:00,74000.0,P,11076.353749999998,11424.467724999999,11250.410737499999,63293.45,33.72,2026-07-31T16:24:21.479000+00:00
2026-12-25T08:00:00+00:00,106000.0,P,42006.55644,42805.76794,42406.16219,63936.92,41.94,2026-07-31T16:24:21.479000+00:00
2026-08-28T08:00:00+00:00,84000.0,P,20685.6644,22577.6459,21631.655150000002,63066.05,41.77,2026-07-31T16:24:21.479000+00:00
2027-03-26T08:00:00+00:00,88000.0,P,25449.47652,25901.624580000003,25675.550550000004,64592.58,40.18,2026-07-31T16:24:21.479000+00:00
2026-10-30T08:00:00+00:00,57000.0,P,2222.8955000000005,2318.16245,2270.5289749999997,63511.3,40.47,2026-07-31T16:24:21.479000+00:00
2026-08-14T08:00:00+00:00,64000.0,C,1070.3594400000002,1101.8406,1086.10002,62962.32,31.8,2026-07-31T16:24:21.479000+00:00
2026-08-07T08:00:00+00:00,58000.0,C,4907.63598,5159.309620000001,5033.4728000000005,62918.41,42.32,2026-07-31T16:24:21.479000+00:00
2026-08-01T08:00:00+00:00,60000.0,C,785.7085000000001,4871.3927,2828.5506,62856.68,49.09,2026-07-31T16:24:21.479000+00:00
2026-12-25T08:00:00+00:00,62000.0,P,5466.511755,5562.415469999999,5514.4636125,63935.81,40.51,2026-07-31T16:24:21.479000+00:00
2026-08-07T08:00:00+00:00,66000.0,C,182.46660799999998,207.634416,195.05051199999997,62919.52,32.65,2026-07-31T16:24:21.479000+00:00
2026-09-25T08:00:00+00:00,45000.0,C,18291.486259999998,18639.594129999998,18465.540194999998,63292.34,53.76,2026-07-31T16:24:21.479000+00:00
2027-03-26T08:00:00+00:00,200000.0,C,38.754881999999995,64.59147,51.673176000000005,64591.47,51.6,2026-07-31T16:24:21.479000+00:00
2026-08-14T08:00:00+00:00,50000.0,C,12749.8698,13159.12488,12954.49734,62962.32,54.71,2026-07-31T16:24:21.479000+00:00
2026-10-30T08:00:00+00:00,60000.0,P,3207.3206500000006,3270.83195,3239.0762999999997,63511.3,38.99,2026-07-31T16:24:21.479000+00:00
2026-10-30T08:00:00+00:00,52000.0,P,1206.7147,1270.226,1238.47035,63511.3,43.92,2026-07-31T16:24:21.479000+00:00
2026-12-25T08:00:00+00:00,140000.0,P,71416.29977,81518.15775,76467.22876,63935.81,48.62,2026-07-31T16:24:21.479000+00:00
2026-09-25T08:00:00+00:00,125000.0,P,61298.63129,66393.66466,63846.147975,63292.34,60.25,2026-07-31T16:24:21.479000+00:00
2026-08-28T08:00:00+00:00,92000.0,P,28631.9867,30681.633325,29656.810012500002,63066.05,50.87,2026-07-31T16:24:21.479000+00:00
2026-08-02T08:00:00+00:00,67000.0,P,1886.3066999999999,6633.511895,4259.9092975,62876.89,37.53,2026-07-31T16:24:21.479000+00:00
2026-08-07T08:00:00+00:00,60000.0,P,289.42979199999996,302.013696,295.721744,62919.52,37.83,2026-07-31T16:24:21.479000+00:00
2027-06-25T08:00:00+00:00,55000.0,P,5745.52704,5908.75224,5827.13964,65290.08,45.03,2026-07-31T16:24:21.479000+00:00
2027-03-26T08:00:00+00:00,102000.0,P,38205.854505,38819.47347,38512.6639875,64591.47,40.89,2026-07-31T16:24:21.479000+00:00
2026-08-28T08:00:00+00:00,75000.0,P,11856.4174,12392.478825000002,12124.4481125,63066.05,33.7,2026-07-31T16:24:21.479000+00:00
2027-03-26T08:00:00+00:00,96000.0,C,1356.4208700000001,1421.01234,1388.7166049999998,64591.47,40.49,2026-07-31T16:24:21.479000+00:00
2026-10-30T08:00:00+00:00,60000.0,C,6668.6865,6763.95345,6716.319975,63511.3,38.99,2026-07-31T16:24:21.479000+00:00
2026-09-25T08:00:00+00:00,98000.0,P,34399.38679,36488.034009999996,35443.7104,63292.34,45.56,2026-07-31T16:24:21.479000+00:00
2026-09-25T08:00:00+00:00,40000.0,C,23196.64261,23513.10431,23354.87346,63292.34,62.07,2026-07-31T16:24:21.479000+00:00
2026-08-28T08:00:00+00:00,77000.0,C,37.83963,50.45284,44.146235000000004,63066.05,34.81,2026-07-31T16:24:21.479000+00:00
2026-10-30T08:00:00+00:00,76000.0,P,13369.395985,13813.983975,13591.68998,63512.57,36.04,2026-07-31T16:24:21.479000+00:00
2027-06-25T08:00:00+00:00,100000.0,P,36758.315039999994,37313.28072,37035.797880000006,65290.08,41.53,2026-07-31T16:24:21.479000+00:00
2026-10-30T08:00:00+00:00,66000.0,C,3556.6328000000003,3651.8997500000005,3604.2662750000004,63511.3,36.98,2026-07-31T16:24:21.479000+00:00
2026-08-02T08:00:00+00:00,66000.0,P,943.1533499999999,5596.04321,3269.5982799999997,62876.89,34.41,2026-07-31T16:24:21.479000+00:00
2026-08-28T08:00:00+00:00,82000.0,P,18699.083825,20370.334150000002,19534.708987500002,63066.05,39.99,2026-07-31T16:24:21.479000+00:00
2026-08-04T08:00:00+00:00,59000.0,P,44.021418,62.88774,53.454578999999995,62887.74,39.44,2026-07-31T16:24:21.479000+00:00
2026-10-30T08:00:00+00:00,58000.0,C,7938.9125,8161.202050000001,8050.057275,63511.3,39.94,2026-07-31T16:24:21.479000+00:00
2026-12-25T08:00:00+00:00,70000.0,P,9973.986359999999,10197.761695,10085.8740275,63935.81,39.02,2026-07-31T16:24:21.479000+00:00
2026-09-25T08:00:00+00:00,68000.0,P,6265.9416599999995,6487.464849999999,6376.703255,63292.34,34.13,2026-07-31T16:24:21.479000+00:00
2026-10-30T08:00:00+00:00,90000.0,C,177.83164,203.23616,190.53390000000002,63511.3,38.31,2026-07-31T16:24:21.479000+00:00
2026-08-03T08:00:00+00:00,70000.0,P,4778.66568,9714.52431,7246.594995,62877.18,38.45,2026-07-31T16:24:21.479000+00:00
2026-08-04T08:00:00+00:00,61000.0,C,1855.18833,2515.5096,2185.348965,62887.74,33.03,2026-07-31T16:24:21.479000+00:00
2026-08-04T08:00:00+00:00,58000.0,C,2798.50443,6949.09527,4873.799849999999,62887.74,42.94,2026-07-31T16:24:21.479000+00:00
2026-12-25T08:00:00+00:00,125000.0,C,76.72297199999998,95.903715,86.3133435,63935.81,45.7,2026-07-31T16:24:21.479000+00:00
2027-03-26T08:00:00+00:00,95000.0,C,1421.03676,1517.92563,1469.481195,64592.58,40.45,2026-07-31T16:24:21.479000+00:00
2026-10-30T08:00:00+00:00,56000.0,C,9399.6724,9590.2063,9494.93935,63511.3,41.04,2026-07-31T16:24:21.479000+00:00
2027-06-25T08:00:00+00:00,40000.0,P,1991.34744,2121.9276,2056.63752,65290.08,51.64,2026-07-31T16:24:21.479000+00:00
2026-12-25T08:00:00+00:00,70000.0,C,3932.052315,4027.95603,3980.0041724999996,63935.81,39.02,2026-07-31T16:24:21.479000+00:00
2026-12-25T08:00:00+00:00,30000.0,P,294.109832,306.89721599999996,300.503524,63936.92,67.99,2026-07-31T16:24:21.479000+00:00
2026-09-25T08:00:00+00:00,140000.0,C,6.329234,18.987702,12.658468,63292.34,67.45,2026-07-31T16:24:21.479000+00:00
2026-08-21T08:00:00+00:00,65000.0,P,3056.00246,3245.03354,3150.518,63010.36,32.26,2026-07-31T16:24:21.479000+00:00
2027-06-25T08:00:00+00:00,95000.0,P,32318.5896,32840.91024,32579.749920000002,65290.08,41.41,2026-07-31T16:24:21.479000+00:00
2026-12-25T08:00:00+00:00,100000.0,C,351.65306,383.62152,367.63729,63936.92,41.27,2026-07-31T16:24:21.479000+00:00
2026-10-30T08:00:00+00:00,70000.0,P,8669.465805,8860.003515,8764.73466,63512.57,36.17,2026-07-31T16:24:21.479000+00:00
2027-06-25T08:00:00+00:00,82000.0,P,21545.726400000003,21904.82184,21725.27412,65290.08,41.37,2026-07-31T16:24:21.479000+00:00
2026-09-25T08:00:00+00:00,180000.0,P,110666.65649,123325.12448999999,116995.89048999999,63292.34,71.63,2026-07-31T16:24:21.479000+00:00
2026-08-07T08:00:00+00:00,63500.0,P,1384.20502,1447.12343,1415.664225,62918.41,32.06,2026-07-31T16:24:21.479000+00:00
2026-08-03T08:00:00+00:00,65000.0,P,1854.8543899999997,2452.18038,2153.517385,62876.42,26.77,2026-07-31T16:24:21.479000+00:00
2026-08-21T08:00:00+00:00,66000.0,P,3717.6767299999997,3938.216875,3827.9468025,63011.47,31.79,2026-07-31T16:24:21.479000+00:00
2027-03-26T08:00:00+00:00,62000.0,P,7234.24464,7395.723315,7314.9839775,64591.47,42.14,2026-07-31T16:24:21.479000+00:00
2026-09-25T08:00:00+00:00,102000.0,P,38418.450379999995,40507.0976,39462.77399,63292.34,48.57,2026-07-31T16:24:21.479000+00:00
2026-10-30T08:00:00+00:00,68000.0,C,2826.25285,2889.76415,2858.0085,63511.3,36.52,2026-07-31T16:24:21.479000+00:00
2026-08-28T08:00:00+00:00,59000.0,C,4919.1519,5139.883075000001,5029.5174875,63066.05,37.3,2026-07-31T16:24:21.479000+00:00
2026-08-14T08:00:00+00:00,75000.0,P,11836.91616,13001.719079999999,12419.31762,62962.32,38.79,2026-07-31T16:24:21.479000+00:00
2026-08-14T08:00:00+00:00,67000.0,C,277.03420800000004,302.219136,289.626672,62962.32,30.8,2026-07-31T16:24:21.479000+00:00
2026-08-07T08:00:00+00:00,77000.0,P,13810.83464,14502.94936,14156.892,62919.52,52.89,2026-07-31T16:24:21.479000+00:00
2026-12-25T08:00:00+00:00,105000.0,C,236.562497,262.136821,249.34965899999997,63935.81,41.77,2026-07-31T16:24:21.479000+00:00
2026-08-14T08:00:00+00:00,58000.0,P,314.8116,346.29276,330.55218,62962.32,39.21,2026-07-31T16:24:21.479000+00:00
2026-12-25T08:00:00+00:00,52000.0,C,14001.94239,14257.68563,14129.81401,63935.81,44.71,2026-07-31T16:24:21.479000+00:00
2026-12-25T08:00:00+00:00,58000.0,P,3836.1485999999995,3932.052315,3884.1004574999997,63935.81,41.83,2026-07-31T16:24:21.479000+00:00
2026-08-21T08:00:00+00:00,63000.0,P,1984.82634,2047.8367,2016.33152,63010.36,33.62,2026-07-31T16:24:21.479000+00:00
2026-08-01T08:00:00+00:00,71000.0,P,5814.2429,10717.06394,8265.65342,62856.68,52.41,2026-07-31T16:24:21.479000+00:00
2026-09-25T08:00:00+00:00,145000.0,P,76869.89502499999,87155.08064999999,82012.4878375,63293.45,70.41,2026-07-31T16:24:21.479000+00:00
2026-08-03T08:00:00+00:00,60000.0,C,785.95525,4967.23718,2876.596215,62876.42,34.27,2026-07-31T16:24:21.479000+00:00
2026-08-04T08:00:00+00:00,59000.0,C,1792.30059,5974.3353,3883.317945,62887.74,39.44,2026-07-31T16:24:21.479000+00:00
2026-08-28T08:00:00+00:00,105000.0,P,41560.52695000001,43767.8387,42664.182825,63066.05,64.64,2026-07-31T16:24:21.479000+00:00
2026-08-04T08:00:00+00:00,67000.0,P,1949.51994,6603.212699999999,4276.36632,62887.74,32.38,2026-07-31T16:24:21.479000+00:00
2026-10-30T08:00:00+00:00,55000.0,C,10130.05235,10384.09755,10257.07495,63511.3,41.64,2026-07-31T16:24:21.479000+00:00
2026-12-25T08:00:00+00:00,94000.0,P,30401.477655,30912.964135,30657.220895,63935.81,40.01,2026-07-31T16:24:21.479000+00:00
2027-03-26T08:00:00+00:00,80000.0,C,3487.93938,3584.8265850000003,3536.3829825000003,64591.47,40.11,2026-07-31T16:24:21.479000+00:00
2026-08-02T08:00:00+00:00,59000.0,P,6.287689,12.575378,9.431533499999999,62876.89,43.1,2026-07-31T16:24:21.479000+00:00
2026-09-25T08:00:00+00:00,175000.0,P,105824.79247999999,118103.50644,111964.14945999999,63292.34,71.63,2026-07-31T16:24:21.479000+00:00
2027-06-25T08:00:00+00:00,66000.0,C,10087.485765,10250.71369,10169.099727499999,65291.17,42.7,2026-07-31T16:24:21.479000+00:00
2026-12-25T08:00:00+00:00,56000.0,P,3196.7905,3292.6942149999995,3244.7423575000003,63935.81,42.62,2026-07-31T16:24:21.479000+00:00
2026-08-28T08:00:00+00:00,75000.0,C,75.67926,81.985865,78.83256250000001,63066.05,33.7,2026-07-31T16:24:21.479000+00:00
2026-09-25T08:00:00+00:00,75000.0,P,11962.25226,12342.0063,12152.12928,63292.34,33.74,2026-07-31T16:24:21.479000+00:00
2027-06-25T08:00:00+00:00,66000.0,P,10838.33422,11001.562145,10919.9481825,65291.17,42.7,2026-07-31T16:24:21.479000+00:00
2026-12-25T08:00:00+00:00,94000.0,C,511.48648,543.454385,527.4704325,63935.81,40.01,2026-07-31T16:24:21.479000+00:00
2026-08-14T08:00:00+00:00,62000.0,P,1164.8029199999999,1227.76524,1196.28408,62962.32,34.12,2026-07-31T16:24:21.479000+00:00
2026-12-25T08:00:00+00:00,140000.0,C,38.362151999999995,63.93692,51.149536,63936.92,48.62,2026-07-31T16:24:21.479000+00:00
2026-10-30T08:00:00+00:00,71000.0,C,1937.09465,2000.6059500000001,1968.8503,63511.3,36.11,2026-07-31T16:24:21.479000+00:00
2026-09-25T08:00:00+00:00,90000.0,C,44.304638,56.963105999999996,50.633872,63292.34,40.26,2026-07-31T16:24:21.479000+00:00
2026-08-28T08:00:00+00:00,72000.0,C,163.968844,182.888326,173.428585,63064.94,31.92,2026-07-31T16:24:21.479000+00:00
2026-09-25T08:00:00+00:00,56000.0,C,8291.29654,8576.11207,8433.704305,63292.34,40.59,2026-07-31T16:24:21.479000+00:00
2026-12-25T08:00:00+00:00,76000.0,P,14353.589345,14705.2363,14529.4128225,63935.81,38.73,2026-07-31T16:24:21.479000+00:00
2027-06-25T08:00:00+00:00,85000.0,C,4243.92605,4407.153975,4325.5400125,65291.17,41.35,2026-07-31T16:24:21.479000+00:00
2027-06-25T08:00:00+00:00,45000.0,P,2872.76352,3035.9887200000003,2954.37612,65290.08,48.76,2026-07-31T16:24:21.479000+00:00
2026-09-25T08:00:00+00:00,62000.0,C,4177.3677,4272.307875,4224.8377875,63293.45,36.53,2026-07-31T16:24:21.479000+00:00
2027-03-26T08:00:00+00:00,70000.0,C,6329.96406,6426.851265,6378.407662500001,64591.47,40.9,2026-07-31T16:24:21.479000+00:00
2026-08-07T08:00:00+00:00,75000.0,C,6.291952,12.583904,9.437928,62919.52,52.17,2026-07-31T16:24:21.479000+00:00
2026-10-30T08:00:00+00:00,55000.0,P,1746.56075,1810.0720500000002,1778.3164000000002,63511.3,41.64,2026-07-31T16:24:21.479000+00:00
2027-06-25T08:00:00+00:00,160000.0,P,89481.548485,101788.93402999999,95635.24125749999,65291.17,46.1,2026-07-31T16:24:21.479000+00:00
2026-08-02T08:00:00+00:00,61000.0,P,31.43789,44.013045999999996,37.725468,62875.78,29.62,2026-07-31T16:24:21.479000+00:00
2026-09-25T08:00:00+00:00,70000.0,C,1075.9697800000001,1139.2621199999999,1107.61595,63292.34,33.71,2026-07-31T16:24:21.479000+00:00
2026-08-04T08:00:00+00:00,61000.0,P,182.37444599999998,213.81831599999998,198.096381,62887.74,33.03,2026-07-31T16:24:21.479000+00:00
2026-08-03T08:00:00+00:00,59000.0,P,18.862925999999998,25.150568,22.006747,62876.42,38.99,2026-07-31T16:24:21.479000+00:00
2026-08-04T08:00:00+00:00,65500.0,P,2358.29025,4024.81536,3191.5528050000003,62887.74,29.63,2026-07-31T16:24:21.479000+00:00
2026-08-14T08:00:00+00:00,70000.0,P,6894.37404,8436.95088,7665.66246,62962.32,32.06,2026-07-31T16:24:21.479000+00:00
2026-08-14T08:00:00+00:00,66000.0,C,440.73022000000003,472.21094999999997,456.470585,62961.46,30.77,2026-07-31T16:24:21.479000+00:00
2026-08-28T08:00:00+00:00,88000.0,C,12.61321,18.919815,15.766512500000001,63066.05,47.19,2026-07-31T16:24:21.479000+00:00
2026-09-25T08:00:00+00:00,260000.0,P,188009.89596999998,206238.08989,197123.99292999998,63292.34,78.83,2026-07-31T16:24:21.479000+00:00
2026-08-28T08:00:00+00:00,55000.0,P,378.39630000000005,409.929325,394.16281250000003,63066.05,41.93,2026-07-31T16:24:21.479000+00:00
2026-08-28T08:00:00+00:00,77000.0,P,13748.3989,15671.913425,14710.156162500001,63066.05,34.81,2026-07-31T16:24:21.479000+00:00
2027-03-26T08:00:00+00:00,85000.0,C,2583.6588,2680.546005,2632.1024025,64591.47,40.09,2026-07-31T16:24:21.479000+00:00
2026-08-03T08:00:00+00:00,65500.0,C,18.863153999999998,31.43859,25.150872,62877.18,27.84,2026-07-31T16:24:21.479000+00:00
2026-10-30T08:00:00+00:00,95000.0,P,31279.31525,33724.5003,32501.907775000003,63511.3,39.74,2026-07-31T16:24:21.479000+00:00
2027-03-26T08:00:00+00:00,45000.0,P,2002.33557,2099.222775,2050.7791725,64591.47,48.81,2026-07-31T16:24:21.479000+00:00
2026-12-25T08:00:00+00:00,110000.0,P,45970.64548,46801.82544,46386.23546,63936.92,42.74,2026-07-31T16:24:21.479000+00:00
2026-08-03T08:00:00+00:00,62000.0,P,226.355112,251.50568,238.930396,62876.42,27.4,2026-07-31T16:24:21.479000+00:00
2026-08-14T08:00:00+00:00,80000.0,P,16779.458280000003,18290.553959999997,17535.006120000002,62962.32,47.52,2026-07-31T16:24:21.479000+00:00
2026-08-21T08:00:00+00:00,64000.0,C,1480.74346,1575.259,1528.00123,63010.36,32.92,2026-07-31T16:24:21.479000+00:00
2026-08-03T08:00:00+00:00,66500.0,C,6.287718,12.575436,9.431576999999999,62877.18,31.03,2026-07-31T16:24:21.479000+00:00
2026-08-28T08:00:00+00:00,67000.0,P,4666.8877,4856.08585,4761.486775,63066.05,31.84,2026-07-31T16:24:21.479000+00:00
2026-08-04T08:00:00+00:00,63500.0,C,408.77031,471.65804999999995,440.21418,62887.74,28.68,2026-07-31T16:24:21.479000+00:00
2027-03-26T08:00:00+00:00,52000.0,P,3487.93938,3617.12232,3552.53085,64591.47,45.13,2026-07-31T16:24:21.479000+00:00
2026-12-25T08:00:00+00:00,65000.0,P,6969.12428,7096.99812,7033.0612,63936.92,39.8,2026-07-31T16:24:21.479000+00:00
2026-08-02T08:00:00+00:00,66000.0,C,6.287689,12.575378,9.431533499999999,62876.89,34.41,2026-07-31T16:24:21.479000+00:00
2026-10-30T08:00:00+00:00,61000.0,P,3588.3884500000004,3651.8997500000005,3620.1441000000004,63511.3,38.58,2026-07-31T16:24:21.479000+00:00
2026-08-01T08:00:00+00:00,61500.0,P,12.571336,18.857004,15.714170000000001,62856.68,31.85,2026-07-31T16:24:21.479000+00:00
2026-08-28T08:00:00+00:00,63000.0,P,2301.910825,2364.976875,2333.44385,63066.05,33.98,2026-07-31T16:24:21.479000+00:00
2027-06-25T08:00:00+00:00,130000.0,C,685.5458400000001,750.83592,718.19088,65290.08,43.42,2026-07-31T16:24:21.479000+00:00
2026-08-03T08:00:00+00:00,57000.0,C,3804.06939,7859.6475,5831.858445,62877.18,49.19,2026-07-31T16:24:21.479000+00:00
2026-08-28T08:00:00+00:00,110000.0,P,46574.277925,48876.18875,47725.2333375,63066.05,65.75,2026-07-31T16:24:21.479000+00:00
2026-12-25T08:00:00+00:00,40000.0,C,24551.35104,24775.126375,24663.238707499997,63935.81,55.48,2026-07-31T16:24:21.479000+00:00
2026-08-03T08:00:00+00:00,64000.0,P,1100.33735,1477.5958699999999,1288.96661,62876.42,25.61,2026-07-31T16:24:21.479000+00:00
2027-06-25T08:00:00+00:00,60000.0,P,7802.294814999999,7965.522739999999,7883.9087775,65291.17,43.79,2026-07-31T16:24:21.479000+00:00
2026-12-25T08:00:00+00:00,135000.0,P,66621.11402,76371.32504499999,71496.21953249999,63935.81,47.97,2026-07-31T16:24:21.479000+00:00
2026-12-25T08:00:00+00:00,125000.0,P,60802.95531,66077.659635,63440.3074725,63935.81,45.7,2026-07-31T16:24:21.479000+00:00
2026-08-02T08:00:00+00:00,71000.0,P,5753.235435,10751.948190000001,8252.5918125,62876.89,42.34,2026-07-31T16:24:21.479000+00:00
2026-08-04T08:00:00+00:00,65000.0,P,1949.51994,4056.25923,3002.889585,62887.74,29.01,2026-07-31T16:24:21.479000+00:00
2027-03-26T08:00:00+00:00,105000.0,C,807.3933750000001,904.28058,855.8369775,64591.47,41.11,2026-07-31T16:24:21.479000+00:00
2026-08-01T08:00:00+00:00,66000.0,P,942.8649,5594.33174,3268.59832,62857.66,47.4,2026-07-31T16:24:21.479000+00:00
2027-03-26T08:00:00+00:00,100000.0,P,36333.32625,36882.36318,36607.844715,64592.58,40.73,2026-07-31T16:24:21.479000+00:00
2026-08-28T08:00:00+00:00,58000.0,P,756.7926000000001,819.85865,788.3256250000001,63066.05,38.43,2026-07-31T16:24:21.479000+00:00
2026-08-28T08:00:00+00:00,81000.0,P,17690.027025000003,19329.744325,18509.885675,63066.05,38.68,2026-07-31T16:24:21.479000+00:00
2026-08-21T08:00:00+00:00,63000.0,C,1984.82634,2047.8367,2016.33152,63010.36,33.62,2026-07-31T16:24:21.479000+00:00
2026-08-01T08:00:00+00:00,65500.0,P,817.13684,5059.96274,2938.54979,62856.68,45.41,2026-07-31T16:24:21.479000+00:00
2026-08-01T08:00:00+00:00,63000.0,P,314.28340000000003,377.14008,345.71173999999996,62856.68,26.74,2026-07-31T16:24:21.479000+00:00
2027-03-26T08:00:00+00:00,110000.0,P,45827.647965000004,46505.8584,46166.753182500004,64591.47,41.47,2026-07-31T16:24:21.479000+00:00
2027-06-25T08:00:00+00:00,130000.0,P,65192.14488000001,65975.62584,65583.88536,65290.08,43.42,2026-07-31T16:24:21.479000+00:00
2027-03-26T08:00:00+00:00,52000.0,C,16018.68456,16277.05044,16147.8675,64591.47,45.13,2026-07-31T16:24:21.479000+00:00
2026-09-25T08:00:00+00:00,90000.0,P,26487.844289999997,27247.352369999997,26867.598329999997,63292.34,40.26,2026-07-31T16:24:21.479000+00:00
2027-06-25T08:00:00+00:00,50000.0,P,4113.27504,4276.50024,4194.88764,65290.08,46.6,2026-07-31T16:24:21.479000+00:00
2026-09-25T08:00:00+00:00,320000.0,P,245985.67940999998,268422.81393999996,257204.24667499997,63292.34,85.42,2026-07-31T16:24:21.479000+00:00
2027-03-26T08:00:00+00:00,68000.0,C,7072.7659650000005,7201.948905,7137.357435,64591.47,41.11,2026-07-31T16:24:21.479000+00:00
2026-12-25T08:00:00+00:00,52000.0,P,2173.81754,2237.75335,2205.785445,63935.81,44.71,2026-07-31T16:24:21.479000+00:00
2026-08-21T08:00:00+00:00,67000.0,P,4410.725200000001,4694.27182,4552.498509999999,63010.36,31.11,2026-07-31T16:24:21.479000+00:00
2026-09-25T08:00:00+00:00,94000.0,C,31.646169999999998,44.304638,37.975404,63292.34,43.07,2026-07-31T16:24:21.479000+00:00
2026-12-25T08:00:00+00:00,96000.0,C,447.55066999999997,479.51857499999994,463.5346225,63935.81,40.3,2026-07-31T16:24:21.479000+00:00
2027-06-25T08:00:00+00:00,170000.0,C,228.519095,261.16468,244.84188749999998,65291.17,46.58,2026-07-31T16:24:21.479000+00:00
2026-08-28T08:00:00+00:00,83000.0,C,12.61321,25.22642,18.919815,63066.05,40.67,2026-07-31T16:24:21.479000+00:00
2026-12-25T08:00:00+00:00,68000.0,C,4635.346224999999,4763.217844999999,4699.282034999999,63935.81,39.28,2026-07-31T16:24:21.479000+00:00
2026-08-14T08:00:00+00:00,63000.0,P,1574.058,1637.0203199999999,1605.5391599999998,62962.32,32.98,2026-07-31T16:24:21.479000+00:00
2026-08-14T08:00:00+00:00,61000.0,P,849.99132,912.9536400000001,881.47248,62962.32,35.1,2026-07-31T16:24:21.479000+00:00
2027-06-25T08:00:00+00:00,40000.0,C,27193.772305,27454.936984999997,27324.354645,65291.17,51.64,2026-07-31T16:24:21.479000+00:00
2026-08-28T08:00:00+00:00,74000.0,C,94.59907500000001,100.90568,97.7523775,63066.05,33.0,2026-07-31T16:24:21.479000+00:00
2026-08-03T08:00:00+00:00,63000.0,C,471.57885,503.01744,487.298145,62877.18,25.87,2026-07-31T16:24:21.479000+00:00
2026-08-07T08:00:00+00:00,65000.0,P,2328.02224,2579.70032,2453.86128,62919.52,31.86,2026-07-31T16:24:21.479000+00:00
2026-09-25T08:00:00+00:00,94000.0,P,30444.149449999997,32406.2464,31425.197924999997,63293.45,43.07,2026-07-31T16:24:21.479000+00:00
2027-03-26T08:00:00+00:00,100000.0,C,1065.7592550000002,1162.64646,1114.2028575000002,64591.47,40.73,2026-07-31T16:24:21.479000+00:00
2027-03-26T08:00:00+00:00,68000.0,P,10463.818140000001,10625.296815000002,10544.5574775,64591.47,41.11,2026-07-31T16:24:21.479000+00:00
2026-08-02T08:00:00+00:00,63500.0,C,132.03913799999998,163.477028,147.758083,62875.78,23.23,2026-07-31T16:24:21.479000+00:00
2026-08-02T08:00:00+00:00,66500.0,P,1446.16847,6099.05833,3772.6133999999997,62876.89,37.51,2026-07-31T16:24:21.479000+00:00
2027-06-25T08:00:00+00:00,52000.0,P,4700.964239999999,4864.1921649999995,4782.5782025,65291.17,45.92,2026-07-31T16:24:21.479000+00:00
2026-09-25T08:00:00+00:00,78000.0,P,14810.40756,15158.51543,14984.461494999998,63292.34,34.4,2026-07-31T16:24:21.479000+00:00
2026-08-21T08:00:00+00:00,75000.0,P,11814.650625,13106.38576,12460.518192500002,63011.47,34.71,2026-07-31T16:24:21.479000+00:00
2026-08-28T08:00:00+00:00,67000.0,C,788.3256250000001,851.3916750000001,819.85865,63066.05,31.84,2026-07-31T16:24:21.479000+00:00
2027-03-26T08:00:00+00:00,125000.0,P,60457.615920000004,66109.36954500001,63283.4927325,64591.47,43.4,2026-07-31T16:24:21.479000+00:00
2026-08-07T08:00:00+00:00,72000.0,P,8840.192560000001,10130.04272,9485.117639999999,62919.52,42.93,2026-07-31T16:24:21.479000+00:00
2027-03-26T08:00:00+00:00,115000.0,C,484.436025,549.027495,516.73176,64591.47,41.91,2026-07-31T16:24:21.479000+00:00
2026-08-01T08:00:00+00:00,63000.0,C,194.855708,226.28404799999998,210.56987800000002,62856.68,26.74,2026-07-31T16:24:21.479000+00:00
2027-03-26T08:00:00+00:00,86000.0,C,2422.180125,2519.06733,2470.6237275,64591.47,40.15,2026-07-31T16:24:21.479000+00:00
2026-08-28T08:00:00+00:00,46000.0,C,16933.234425000002,17626.960975,17280.097700000002,63066.05,55.97,2026-07-31T16:24:21.479000+00:00
2026-08-07T08:00:00+00:00,55000.0,C,7676.181439999999,8085.15832,7880.6698799999995,62919.52,51.32,2026-07-31T16:24:21.479000+00:00
2027-06-25T08:00:00+00:00,80000.0,P,20011.743605,20370.84504,20191.2943225,65291.17,41.47,2026-07-31T16:24:21.479000+00:00
2026-12-25T08:00:00+00:00,55000.0,P,2909.079355,3004.9830699999998,2957.0312125,63935.81,43.11,2026-07-31T16:24:21.479000+00:00
2026-09-25T08:00:00+00:00,98000.0,C,25.31738,37.97606999999999,31.646725,63293.45,45.56,2026-07-31T16:24:21.479000+00:00
2026-08-07T08:00:00+00:00,68000.0,C,56.627568,62.91952,59.773543999999994,62919.52,34.56,2026-07-31T16:24:21.479000+00:00
2027-06-25T08:00:00+00:00,30000.0,P,914.0611200000001,1011.9962400000001,963.02868,65290.08,59.89,2026-07-31T16:24:21.479000+00:00
2026-08-03T08:00:00+00:00,58000.0,C,2735.12427,6884.96799,4810.04613,62876.42,43.18,2026-07-31T16:24:21.479000+00:00
2026-09-25T08:00:00+00:00,100000.0,P,36425.380475,37279.84205,36852.6112625,63293.45,47.32,2026-07-31T16:24:21.479000+00:00
2026-08-28T08:00:00+00:00,64000.0,C,1860.448475,1923.514525,1891.9815,63066.05,33.3,2026-07-31T16:24:21.479000+00:00
2026-08-07T08:00:00+00:00,63000.0,P,1132.53138,1195.4497900000001,1163.990585,62918.41,32.46,2026-07-31T16:24:21.479000+00:00
2026-08-02T08:00:00+00:00,61500.0,C,817.3995699999999,3489.667395,2153.5334825,62876.89,27.17,2026-07-31T16:24:21.479000+00:00
2026-08-28T08:00:00+00:00,71000.0,C,227.033784,245.95326599999999,236.493525,63064.94,31.78,2026-07-31T16:24:21.479000+00:00
2026-09-25T08:00:00+00:00,102000.0,C,25.316936,37.975404,31.646169999999998,63292.34,48.57,2026-07-31T16:24:21.479000+00:00
2027-03-26T08:00:00+00:00,102000.0,C,968.87205,1033.46352,1001.167785,64591.47,40.89,2026-07-31T16:24:21.479000+00:00
2026-12-25T08:00:00+00:00,78000.0,P,15952.26154,16367.85152,16160.056529999998,63936.92,38.79,2026-07-31T16:24:21.479000+00:00
2026-08-07T08:00:00+00:00,58000.0,P,119.54708799999999,132.130992,125.83904,62919.52,42.32,2026-07-31T16:24:21.479000+00:00
2026-08-28T08:00:00+00:00,71000.0,P,8009.38835,8356.251625,8182.819987500001,63066.05,31.78,2026-07-31T16:24:21.479000+00:00
2027-06-25T08:00:00+00:00,76000.0,P,17106.00096,17399.80632,17252.90364,65290.08,41.67,2026-07-31T16:24:21.479000+00:00
2026-09-25T08:00:00+00:00,80000.0,C,158.23085,183.54778599999997,170.889318,63292.34,35.1,2026-07-31T16:24:21.479000+00:00
2027-06-25T08:00:00+00:00,78000.0,C,5876.2053,6006.78764,5941.49647,65291.17,41.58,2026-07-31T16:24:21.479000+00:00
2026-08-28T08:00:00+00:00,58000.0,C,5707.477525,5959.741725000001,5833.609625,63066.05,38.43,2026-07-31T16:24:21.479000+00:00
2027-06-25T08:00:00+00:00,62000.0,C,12013.37472,12176.59992,12094.98732,65290.08,43.38,2026-07-31T16:24:21.479000+00:00
2026-09-25T08:00:00+00:00,92000.0,P,28449.90683,30696.7849,29573.345865,63292.34,41.7,2026-07-31T16:24:21.479000+00:00
2026-08-03T08:00:00+00:00,67000.0,P,1886.3154,6570.665309999999,4228.490355,62877.18,31.82,2026-07-31T16:24:21.479000+00:00
2027-03-26T08:00:00+00:00,58000.0,C,12078.60489,12240.083565,12159.3442275,64591.47,43.12,2026-07-31T16:24:21.479000+00:00
2027-03-26T08:00:00+00:00,94000.0,C,1517.899545,1582.491015,1550.1952800000001,64591.47,40.37,2026-07-31T16:24:21.479000+00:00
2026-08-28T08:00:00+00:00,53000.0,P,264.87741,277.49062000000004,271.184015,63066.05,45.31,2026-07-31T16:24:21.479000+00:00
2027-03-26T08:00:00+00:00,72000.0,C,5619.45789,5716.345095,5667.9014925,64591.47,40.62,2026-07-31T16:24:21.479000+00:00
2027-06-25T08:00:00+00:00,50000.0,C,19325.86368,19587.024,19456.44384,65290.08,46.6,2026-07-31T16:24:21.479000+00:00
2026-12-25T08:00:00+00:00,55000.0,C,11764.18904,11987.964375,11876.0767075,63935.81,43.11,2026-07-31T16:24:21.479000+00:00
2026-08-03T08:00:00+00:00,68000.0,P,2860.87711,7608.04682,5234.461965,62876.42,35.94,2026-07-31T16:24:21.479000+00:00
2026-09-25T08:00:00+00:00,52000.0,C,11772.581699999999,12025.7555,11899.168599999999,63293.45,44.49,2026-07-31T16:24:21.479000+00:00
2026-08-28T08:00:00+00:00,69000.0,P,6212.005925,6527.336175,6369.671050000001,63066.05,31.62,2026-07-31T16:24:21.479000+00:00
2026-08-14T08:00:00+00:00,55000.0,C,7964.73348,8216.582760000001,8090.65812,62962.32,44.9,2026-07-31T16:24:21.479000+00:00
2027-03-26T08:00:00+00:00,66000.0,P,9333.467415,9462.650355,9398.058885,64591.47,41.37,2026-07-31T16:24:21.479000+00:00
2026-12-25T08:00:00+00:00,75000.0,C,2589.44526,2653.38218,2621.41372,63936.92,38.75,2026-07-31T16:24:21.479000+00:00
2027-03-26T08:00:00+00:00,35000.0,P,904.28058,968.87205,936.576315,64591.47,57.23,2026-07-31T16:24:21.479000+00:00
2027-06-25T08:00:00+00:00,30000.0,C,36138.05928,36366.57456,36252.316920000005,65290.08,59.89,2026-07-31T16:24:21.479000+00:00
2026-10-30T08:00:00+00:00,73000.0,C,1492.51555,1556.0268500000002,1524.2712000000001,63511.3,35.99,2026-07-31T16:24:21.479000+00:00
2026-08-28T08:00:00+00:00,61000.0,P,1513.5585600000002,1545.09103,1529.324795,63064.94,35.6,2026-07-31T16:24:21.479000+00:00
2026-08-04T08:00:00+00:00,64000.0,P,1226.3109299999999,1572.1935,1399.252215,62887.74,28.63,2026-07-31T16:24:21.479000+00:00
2026-08-21T08:00:00+00:00,61000.0,P,1197.19684,1260.2072,1228.70202,63010.36,35.55,2026-07-31T16:24:21.479000+00:00
2026-08-04T08:00:00+00:00,64000.0,C,270.417282,308.149926,289.28360399999997,62887.74,28.63,2026-07-31T16:24:21.479000+00:00
2026-08-04T08:00:00+00:00,57000.0,P,18.866321999999997,25.155096,22.010709,62887.74,47.65,2026-07-31T16:24:21.479000+00:00
2026-09-25T08:00:00+00:00,50000.0,P,443.04638,506.33871999999997,474.69255,63292.34,46.71,2026-07-31T16:24:21.479000+00:00
2026-08-07T08:00:00+00:00,80000.0,P,16830.68805,18560.9457,17695.816875,62918.46,56.7,2026-07-31T16:24:21.479000+00:00
2027-03-26T08:00:00+00:00,64000.0,P,8235.412425,8396.8911,8316.1517625,64591.47,41.75,2026-07-31T16:24:21.479000+00:00
2026-08-28T08:00:00+00:00,61000.0,C,3500.1657750000004,3626.297875,3563.2318250000003,63066.05,35.6,2026-07-31T16:24:21.479000+00:00
2027-03-26T08:00:00+00:00,115000.0,P,50704.30395,51350.21865,51027.261300000006,64591.47,41.91,2026-07-31T16:24:21.479000+00:00
2027-03-26T08:00:00+00:00,35000.0,C,30423.10518,30584.586629999998,30503.845905000002,64592.58,57.23,2026-07-31T16:24:21.479000+00:00
2027-06-25T08:00:00+00:00,54000.0,P,5386.521525,5549.74945,5468.1354875,65291.17,45.31,2026-07-31T16:24:21.479000+00:00
2026-08-03T08:00:00+00:00,61500.0,C,1320.4207800000001,3458.2449,2389.33284,62877.18,28.68,2026-07-31T16:24:21.479000+00:00
2026-08-01T08:00:00+00:00,68000.0,P,2891.40728,7605.65828,5248.5327800000005,62856.68,47.4,2026-07-31T16:24:21.479000+00:00
2026-08-14T08:00:00+00:00,63000.0,C,1542.55577,1605.51723,1574.0365000000002,62961.46,32.98,2026-07-31T16:24:21.479000+00:00
2026-09-25T08:00:00+00:00,140000.0,P,72026.68291999999,81931.93413,76979.308525,63292.34,67.45,2026-07-31T16:24:21.479000+00:00
2026-08-21T08:00:00+00:00,59000.0,P,693.11396,756.12432,724.61914,63010.36,37.7,2026-07-31T16:24:21.479000+00:00
2026-08-02T08:00:00+00:00,64500.0,P,1351.82927,1980.58707,1666.2081699999999,62875.78,25.95,2026-07-31T16:24:21.479000+00:00
2026-08-28T08:00:00+00:00,70000.0,C,315.3247,346.85717,331.09093500000006,63064.94,31.77,2026-07-31T16:24:21.479000+00:00
2027-03-26T08:00:00+00:00,108000.0,P,43922.19960000001,44535.818565,44229.0090825,64591.47,41.46,2026-07-31T16:24:21.479000+00:00
2027-03-26T08:00:00+00:00,180000.0,C,58.132323,96.88720500000001,77.50976399999999,64591.47,49.81,2026-07-31T16:24:21.479000+00:00
2027-03-26T08:00:00+00:00,84000.0,P,22026.06978,22478.217839999998,22252.143809999998,64592.58,40.07,2026-07-31T16:24:21.479000+00:00
2026-08-28T08:00:00+00:00,76000.0,P,12739.342100000002,14284.460325000002,13511.9012125,63066.05,34.23,2026-07-31T16:24:21.479000+00:00
2026-08-04T08:00:00+00:00,65500.0,C,56.598966,75.46528799999999,66.03212699999999,62887.74,29.63,2026-07-31T16:24:21.479000+00:00
2026-10-30T08:00:00+00:00,72000.0,P,10098.2967,10352.341900000001,10225.319300000001,63511.3,36.01,2026-07-31T16:24:21.479000+00:00
2026-08-07T08:00:00+00:00,65000.0,C,346.05152999999996,377.51076,361.781145,62918.46,31.86,2026-07-31T16:24:21.479000+00:00
2026-08-07T08:00:00+00:00,61000.0,C,2265.06456,2485.27917,2375.171865,62918.46,35.81,2026-07-31T16:24:21.479000+00:00
2026-10-30T08:00:00+00:00,50000.0,P,920.9138500000001,984.42515,952.6695,63511.3,45.4,2026-07-31T16:24:21.479000+00:00
2026-08-07T08:00:00+00:00,69000.0,C,31.45976,44.043664,37.751712,62919.52,36.68,2026-07-31T16:24:21.479000+00:00
2026-09-25T08:00:00+00:00,120000.0,C,6.329234,25.316936,15.823084999999999,63292.34,57.07,2026-07-31T16:24:21.479000+00:00
2026-10-30T08:00:00+00:00,78000.0,C,762.1356000000001,825.6469,793.8912500000001,63511.3,36.08,2026-07-31T16:24:21.479000+00:00
2026-08-04T08:00:00+00:00,63000.0,C,628.8774,723.2090099999999,676.043205,62887.74,29.35,2026-07-31T16:24:21.479000+00:00
2026-09-25T08:00:00+00:00,170000.0,P,101014.57464,112976.82689999999,106995.70076999998,63292.34,71.63,2026-07-31T16:24:21.479000+00:00
2026-08-28T08:00:00+00:00,72000.0,P,8955.3791,9302.242375,9128.8107375,63066.05,31.92,2026-07-31T16:24:21.479000+00:00
2026-08-02T08:00:00+00:00,60000.0,P,12.575378,18.863066999999997,15.7192225,62876.89,36.04,2026-07-31T16:24:21.479000+00:00
2026-08-04T08:00:00+00:00,65000.0,C,100.620384,119.486706,110.053545,62887.74,29.01,2026-07-31T16:24:21.479000+00:00
2027-03-26T08:00:00+00:00,88000.0,C,2163.85143,2228.44401,2196.1477200000004,64592.58,40.18,2026-07-31T16:24:21.479000+00:00
2027-03-26T08:00:00+00:00,74000.0,P,14371.602075,14662.263690000002,14516.932882500001,64591.47,40.44,2026-07-31T16:24:21.479000+00:00
2027-03-26T08:00:00+00:00,170000.0,C,77.50976399999999,116.264646,96.88720500000001,64591.47,48.8,2026-07-31T16:24:21.479000+00:00
2026-08-07T08:00:00+00:00,70000.0,P,6889.57137,8651.288250000001,7770.42981,62918.46,39.39,2026-07-31T16:24:21.479000+00:00
2026-08-28T08:00:00+00:00,73000.0,P,9869.836825,11761.818325,10815.827575000001,63066.05,32.31,2026-07-31T16:24:21.479000+00:00
2027-03-26T08:00:00+00:00,74000.0,C,4973.54319,5102.72613,5038.13466,64591.47,40.44,2026-07-31T16:24:21.479000+00:00
2026-08-14T08:00:00+00:00,72000.0,C,31.48116,37.777392,34.629276000000004,62962.32,34.33,2026-07-31T16:24:21.479000+00:00
2026-12-25T08:00:00+00:00,64000.0,P,6425.548905000001,6553.4205249999995,6489.4847150000005,63935.81,40.01,2026-07-31T16:24:21.479000+00:00
2026-08-28T08:00:00+00:00,84000.0,C,12.61321,18.919815,15.766512500000001,63066.05,41.77,2026-07-31T16:24:21.479000+00:00
2027-03-26T08:00:00+00:00,54000.0,C,14597.92308,14856.2934,14727.108240000001,64592.58,44.38,2026-07-31T16:24:21.479000+00:00
2026-08-03T08:00:00+00:00,59000.0,C,1760.56104,5910.45492,3835.50798,62877.18,38.99,2026-07-31T16:24:21.479000+00:00
2026-08-07T08:00:00+00:00,53000.0,P,18.875795999999998,31.45966,25.167728,62919.32,58.32,2026-07-31T16:24:21.479000+00:00
2026-09-25T08:00:00+00:00,115000.0,C,12.65869,18.988034999999996,15.8233625,63293.45,55.41,2026-07-31T16:24:21.479000+00:00
2026-08-28T08:00:00+00:00,60000.0,C,4162.3593,4320.0244250000005,4241.191862500001,63066.05,36.41,2026-07-31T16:24:21.479000+00:00
2027-03-26T08:00:00+00:00,120000.0,P,55549.618800000004,58811.54409,57180.581445,64592.58,42.55,2026-07-31T16:24:21.479000+00:00
2027-06-25T08:00:00+00:00,84000.0,P,23112.68832,23471.78376,23292.23604,65290.08,41.37,2026-07-31T16:24:21.479000+00:00
2026-10-30T08:00:00+00:00,78000.0,P,15147.44505,15496.7572,15322.101125000001,63511.3,36.08,2026-07-31T16:24:21.479000+00:00
2026-08-21T08:00:00+00:00,66000.0,C,787.6295,850.63986,819.13468,63010.36,31.79,2026-07-31T16:24:21.479000+00:00
2027-03-26T08:00:00+00:00,104000.0,P,40111.30287,40692.6261,40401.964485,64591.47,41.07,2026-07-31T16:24:21.479000+00:00
2026-08-28T08:00:00+00:00,57000.0,P,599.11693,662.1818700000001,630.6494,63064.94,39.72,2026-07-31T16:24:21.479000+00:00
2027-03-26T08:00:00+00:00,94000.0,P,30777.835455,31359.158685,31068.49707,64591.47,40.37,2026-07-31T16:24:21.479000+00:00
2026-12-25T08:00:00+00:00,100000.0,P,36123.73265,36858.994464999996,36491.3635575,63935.81,41.27,2026-07-31T16:24:21.479000+00:00
2026-12-25T08:00:00+00:00,75000.0,P,13554.39172,13906.038675,13730.2151975,63935.81,38.75,2026-07-31T16:24:21.479000+00:00
2026-08-28T08:00:00+00:00,70000.0,P,7126.463650000001,7441.7939,7284.128775000001,63066.05,31.77,2026-07-31T16:24:21.479000+00:00
2026-08-28T08:00:00+00:00,60000.0,P,1198.25495,1261.3210000000001,1229.787975,63066.05,36.41,2026-07-31T16:24:21.479000+00:00
2026-09-25T08:00:00+00:00,130000.0,C,6.329234,18.987702,12.658468,63292.34,63.28,2026-07-31T16:24:21.479000+00:00
2027-03-26T08:00:00+00:00,76000.0,C,4424.515695,4521.402900000001,4472.9592975000005,64591.47,40.33,2026-07-31T16:24:21.479000+00:00
2027-06-25T08:00:00+00:00,92000.0,C,3101.2788,3231.85896,3166.5688800000003,65290.08,41.37,2026-07-31T16:24:21.479000+00:00
2026-10-30T08:00:00+00:00,65000.0,P,5525.4830999999995,5620.75005,5573.116575,63511.3,37.24,2026-07-31T16:24:21.479000+00:00
2026-10-30T08:00:00+00:00,59000.0,P,2858.0085,2921.5198,2889.76415,63511.3,39.44,2026-07-31T16:24:21.479000+00:00
2026-09-25T08:00:00+00:00,92000.0,C,37.97606999999999,50.63476,44.305414999999996,63293.45,41.7,2026-07-31T16:24:21.479000+00:00
2026-09-25T08:00:00+00:00,125000.0,C,6.329345,18.988034999999996,12.65869,63293.45,60.25,2026-07-31T16:24:21.479000+00:00
2026-08-01T08:00:00+00:00,59000.0,C,1697.1303599999999,5877.09958,3787.11497,62856.68,64.07,2026-07-31T16:24:21.479000+00:00
2026-10-30T08:00:00+00:00,82000.0,C,444.57910000000004,508.09040000000005,476.33475,63511.3,36.5,2026-07-31T16:24:21.479000+00:00
2026-12-25T08:00:00+00:00,120000.0,P,55815.96213,56774.999279999996,56295.480704999994,63935.81,44.67,2026-07-31T16:24:21.479000+00:00
2026-08-21T08:00:00+00:00,60000.0,P,913.6502200000001,976.66058,945.1554,63010.36,36.56,2026-07-31T16:24:21.479000+00:00
2026-08-28T08:00:00+00:00,56000.0,C,7378.727850000001,7694.0581,7536.392975,63066.05,41.01,2026-07-31T16:24:21.479000+00:00
2026-12-25T08:00:00+00:00,220000.0,P,148746.66196499998,164283.063795,156514.86288,63935.81,59.31,2026-07-31T16:24:21.479000+00:00
2027-06-25T08:00:00+00:00,70000.0,P,13156.170755000001,13417.335434999999,13286.753094999998,65291.17,42.23,2026-07-31T16:24:21.479000+00:00
2026-08-02T08:00:00+00:00,61000.0,C,785.961125,3961.24407,2373.6025975,62876.89,29.62,2026-07-31T16:24:21.479000+00:00
2027-03-26T08:00:00+00:00,65000.0,C,8364.595365000001,8493.778305,8429.186835,64591.47,41.53,2026-07-31T16:24:21.479000+00:00
2027-03-26T08:00:00+00:00,130000.0,C,264.82502700000003,310.03905599999996,287.4320415,64591.47,43.9,2026-07-31T16:24:21.479000+00:00
2026-08-28T08:00:00+00:00,74000.0,P,10815.827575000001,11383.422025,11099.6248,63066.05,33.0,2026-07-31T16:24:21.479000+00:00
2026-08-28T08:00:00+00:00,50000.0,C,12991.6063,13338.469575000001,13165.0379375,63066.05,49.57,2026-07-31T16:24:21.479000+00:00
2026-08-14T08:00:00+00:00,65000.0,C,692.57606,724.05679,708.316425,62961.46,30.98,2026-07-31T16:24:21.479000+00:00
2027-03-26T08:00:00+00:00,84000.0,C,2745.1374750000004,2842.02468,2793.5810775,64591.47,40.07,2026-07-31T16:24:21.479000+00:00
2027-06-25T08:00:00+00:00,160000.0,C,293.81026499999996,326.45585,310.1330575,65291.17,46.1,2026-07-31T16:24:21.479000+00:00
2026-08-03T08:00:00+00:00,63000.0,P,565.8946199999999,628.7718,597.33321,62877.18,25.87,2026-07-31T16:24:21.479000+00:00
2027-06-25T08:00:00+00:00,170000.0,P,99111.99606,111909.06538,105510.53072000001,65291.17,46.58,2026-07-31T16:24:21.479000+00:00
2026-09-25T08:00:00+00:00,86000.0,P,22500.821474999997,24589.505325,23545.163399999998,63293.45,38.21,2026-07-31T16:24:21.479000+00:00
2026-08-21T08:00:00+00:00,75000.0,C,31.50518,37.806216,34.655698,63010.36,34.71,2026-07-31T16:24:21.479000+00:00
2026-08-03T08:00:00+00:00,64500.0,C,75.45170399999999,94.31463,84.883167,62876.42,26.15,2026-07-31T16:24:21.479000+00:00
2026-09-25T08:00:00+00:00,68000.0,C,1582.3085,1645.6008399999998,1613.9546699999999,63292.34,34.13,2026-07-31T16:24:21.479000+00:00
2026-08-14T08:00:00+00:00,62000.0,C,2109.2089100000003,2203.6511,2156.430005,62961.46,34.12,2026-07-31T16:24:21.479000+00:00
2026-08-03T08:00:00+00:00,67000.0,C,6.287642,12.575284,9.431462999999999,62876.42,31.82,2026-07-31T16:24:21.479000+00:00
2026-12-25T08:00:00+00:00,50000.0,P,1790.2026799999999,1854.13849,1822.170585,63935.81,46.02,2026-07-31T16:24:21.479000+00:00
2026-08-28T08:00:00+00:00,65000.0,C,1418.96115,1482.02609,1450.49362,63064.94,32.74,2026-07-31T16:24:21.479000+00:00
2026-08-28T08:00:00+00:00,68000.0,P,5392.147275,5675.9445,5534.0458874999995,63066.05,31.62,2026-07-31T16:24:21.479000+00:00
2026-08-28T08:00:00+00:00,76000.0,C,56.759445,63.066050000000004,59.9127475,63066.05,34.23,2026-07-31T16:24:21.479000+00:00
2026-12-25T08:00:00+00:00,54000.0,P,2621.41372,2717.3191,2669.36641,63936.92,43.59,2026-07-31T16:24:21.479000+00:00
2026-12-25T08:00:00+00:00,92000.0,P,28483.403355,28962.92193,28723.1626425,63935.81,39.81,2026-07-31T16:24:21.479000+00:00
2026-08-28T08:00:00+00:00,40000.0,C,22924.509175,23208.3064,23066.407787500004,63066.05,67.36,2026-07-31T16:24:21.479000+00:00
2027-03-26T08:00:00+00:00,78000.0,P,17278.218225,17633.47131,17455.8447675,64591.47,40.18,2026-07-31T16:24:21.479000+00:00
2026-09-25T08:00:00+00:00,54000.0,C,9968.718375,10253.5389,10111.1286375,63293.45,42.48,2026-07-31T16:24:21.479000+00:00
2026-12-25T08:00:00+00:00,108000.0,C,198.201011,223.77533499999998,210.988173,63935.81,42.28,2026-07-31T16:24:21.479000+00:00
2026-12-25T08:00:00+00:00,60000.0,P,4603.37832,4699.282034999999,4651.330177499999,63935.81,41.09,2026-07-31T16:24:21.479000+00:00
2026-08-21T08:00:00+00:00,55000.0,C,8128.479630000001,8380.525510000001,8254.50257,63011.47,43.05,2026-07-31T16:24:21.479000+00:00
2027-06-25T08:00:00+00:00,58000.0,C,14167.94736,14363.8176,14265.88248,65290.08,44.29,2026-07-31T16:24:21.479000+00:00
2026-12-25T08:00:00+00:00,250000.0,P,177741.5518,195323.89955,186532.725675,63935.81,62.8,2026-07-31T16:24:21.479000+00:00
2026-08-04T08:00:00+00:00,68000.0,C,6.288774,12.577548,9.433160999999998,62887.74,35.42,2026-07-31T16:24:21.479000+00:00
2026-09-25T08:00:00+00:00,85000.0,C,75.95213999999999,101.26952,88.61082999999999,63293.45,37.64,2026-07-31T16:24:21.479000+00:00
2027-03-26T08:00:00+00:00,190000.0,P,119106.67068000001,132832.35805500002,125969.5143675,64591.47,51.18,2026-07-31T16:24:21.479000+00:00
2026-12-25T08:00:00+00:00,160000.0,C,12.787162,38.36148599999999,25.574324,63935.81,51.66,2026-07-31T16:24:21.479000+00:00
2026-12-25T08:00:00+00:00,88000.0,P,24743.15847,25222.677045,24982.9177575,63935.81,39.33,2026-07-31T16:24:21.479000+00:00
2026-12-25T08:00:00+00:00,96000.0,P,32320.113059999996,32863.57688,32591.844970000002,63936.92,40.3,2026-07-31T16:24:21.479000+00:00
2026-09-25T08:00:00+00:00,96000.0,P,32437.893124999995,34305.0499,33371.4715125,63293.45,43.72,2026-07-31T16:24:21.479000+00:00
2026-12-25T08:00:00+00:00,90000.0,C,703.29391,735.261815,719.2778625,63935.81,39.35,2026-07-31T16:24:21.479000+00:00
2027-03-26T08:00:00+00:00,66000.0,C,7912.455075,8041.638015,7977.046545,64591.47,41.37,2026-07-31T16:24:21.479000+00:00
2027-06-25T08:00:00+00:00,62000.0,P,8749.01678,8912.244705000001,8830.6307425,65291.17,43.38,2026-07-31T16:24:21.479000+00:00
2027-03-26T08:00:00+00:00,200000.0,P,128795.39118,143134.69752000002,135965.04435,64591.47,51.6,2026-07-31T16:24:21.479000+00:00
2027-03-26T08:00:00+00:00,45000.0,C,21508.95951,21735.029655000002,21621.9945825,64591.47,48.81,2026-07-31T16:24:21.479000+00:00
2026-09-25T08:00:00+00:00,30000.0,P,37.97606999999999,44.305414999999996,41.140742499999995,63293.45,80.9,2026-07-31T16:24:21.479000+00:00
2026-10-30T08:00:00+00:00,95000.0,C,107.96921,127.02260000000001,117.49590500000001,63511.3,39.74,2026-07-31T16:24:21.479000+00:00
2027-03-26T08:00:00+00:00,160000.0,C,122.723793,142.101234,132.41251350000002,64591.47,47.86,2026-07-31T16:24:21.479000+00:00
2026-10-30T08:00:00+00:00,50000.0,C,14290.042500000001,14544.087700000002,14417.065100000002,63511.3,45.4,2026-07-31T16:24:21.479000+00:00
2026-08-21T08:00:00+00:00,55000.0,P,252.04588,270.949321,261.49760050000003,63011.47,43.05,2026-07-31T16:24:21.479000+00:00
2026-12-25T08:00:00+00:00,66000.0,P,7512.457675,7672.297199999999,7592.377437499999,63935.81,39.59,2026-07-31T16:24:21.479000+00:00
2026-09-25T08:00:00+00:00,82000.0,C,120.257555,145.57493499999998,132.91624499999998,63293.45,36.06,2026-07-31T16:24:21.479000+00:00
2026-08-14T08:00:00+00:00,66000.0,P,3368.48412,3651.8145600000003,3510.14934,62962.32,30.77,2026-07-31T16:24:21.479000+00:00
2027-03-26T08:00:00+00:00,92000.0,P,28969.274295000003,29486.006055,29227.640175,64591.47,40.31,2026-07-31T16:24:21.479000+00:00
2026-12-25T08:00:00+00:00,190000.0,P,119719.804225,133178.29223000002,126449.0482275,63935.81,55.93,2026-07-31T16:24:21.479000+00:00
2026-08-01T08:00:00+00:00,56000.0,C,4839.96436,8737.078520000001,6788.5214399999995,62856.68,72.66,2026-07-31T16:24:21.479000+00:00
2026-12-25T08:00:00+00:00,35000.0,C,29282.60098,29506.376315,29394.4886475,63935.81,60.94,2026-07-31T16:24:21.479000+00:00
2026-12-25T08:00:00+00:00,160000.0,P,90756.88229499999,102137.45647499998,96447.16938499999,63935.81,51.66,2026-07-31T16:24:21.479000+00:00
2026-08-02T08:00:00+00:00,65500.0,C,6.287689,18.863066999999997,12.575378,62876.89,31.21,2026-07-31T16:24:21.479000+00:00
2026-12-25T08:00:00+00:00,120000.0,C,95.903715,127.87162,111.88766749999999,63935.81,44.67,2026-07-31T16:24:21.479000+00:00
2027-03-26T08:00:00+00:00,72000.0,P,12983.108580000002,13273.77519,13128.441885,64592.58,40.62,2026-07-31T16:24:21.479000+00:00
2026-08-07T08:00:00+00:00,62500.0,C,1289.82843,1384.2061199999998,1337.0172750000002,62918.46,33.14,2026-07-31T16:24:21.479000+00:00
2026-08-21T08:00:00+00:00,65000.0,C,1102.6813000000002,1165.69166,1134.1864799999998,63010.36,32.26,2026-07-31T16:24:21.479000+00:00
2026-08-21T08:00:00+00:00,68000.0,P,5229.85988,5544.91168,5387.3857800000005,63010.36,31.1,2026-07-31T16:24:21.479000+00:00
2026-12-25T08:00:00+00:00,150000.0,C,25.574324,51.148648,38.36148599999999,63935.81,50.54,2026-07-31T16:24:21.479000+00:00
2026-10-30T08:00:00+00:00,58000.0,P,2540.452,2603.9633000000003,2572.2076500000003,63511.3,39.94,2026-07-31T16:24:21.479000+00:00
2027-03-26T08:00:00+00:00,58000.0,P,5490.274950000001,5619.45789,5554.866419999999,64591.47,43.12,2026-07-31T16:24:21.479000+00:00
2026-08-28T08:00:00+00:00,54000.0,P,315.33025000000004,346.863275,331.0967625,63066.05,43.66,2026-07-31T16:24:21.479000+00:00
2026-08-28T08:00:00+00:00,81000.0,C,18.919815,25.22642,22.073117500000002,63066.05,38.68,2026-07-31T16:24:21.479000+00:00
2026-08-04T08:00:00+00:00,69000.0,P,3836.1521399999997,8741.39586,6288.774,62887.74,41.12,2026-07-31T16:24:21.479000+00:00
2026-08-28T08:00:00+00:00,95000.0,C,6.306605,12.61321,9.4599075,63066.05,53.57,2026-07-31T16:24:21.479000+00:00
2027-06-25T08:00:00+00:00,100000.0,C,2187.21768,2252.5077600000004,2219.86272,65290.08,41.53,2026-07-31T16:24:21.479000+00:00
2026-08-03T08:00:00+00:00,64000.0,C,144.61576599999998,169.766334,157.19105,62876.42,25.61,2026-07-31T16:24:21.479000+00:00
2026-09-25T08:00:00+00:00,88000.0,C,56.963105999999996,75.950808,66.45695699999999,63292.34,39.37,2026-07-31T16:24:21.479000+00:00
2026-12-25T08:00:00+00:00,66000.0,C,5466.511755,5562.415469999999,5514.4636125,63935.81,39.59,2026-07-31T16:24:21.479000+00:00
2026-12-25T08:00:00+00:00,102000.0,C,306.89188799999994,319.67905,313.285469,63935.81,41.3,2026-07-31T16:24:21.479000+00:00
2026-08-28T08:00:00+00:00,69000.0,C,409.929325,441.46235,425.69583750000004,63066.05,31.62,2026-07-31T16:24:21.479000+00:00
2027-03-26T08:00:00+00:00,104000.0,C,871.984845,936.576315,904.28058,64591.47,41.07,2026-07-31T16:24:21.479000+00:00
2026-08-01T08:00:00+00:00,64500.0,P,1539.98866,1979.98542,1759.98704,62856.68,33.75,2026-07-31T16:24:21.479000+00:00
2026-10-30T08:00:00+00:00,84000.0,C,349.31215,381.06780000000003,365.189975,63511.3,36.71,2026-07-31T16:24:21.479000+00:00
2026-08-28T08:00:00+00:00,95000.0,P,31596.091050000003,33740.33675,32668.213900000002,63066.05,53.57,2026-07-31T16:24:21.479000+00:00
2026-12-25T08:00:00+00:00,170000.0,C,6.393692,31.96846,19.181075999999997,63936.92,52.46,2026-07-31T16:24:21.479000+00:00
2026-09-25T08:00:00+00:00,65000.0,C,2689.92445,2753.2167899999995,2721.5706199999995,63292.34,35.05,2026-07-31T16:24:21.479000+00:00
2026-08-14T08:00:00+00:00,55000.0,P,125.92464,144.813336,135.368988,62962.32,44.9,2026-07-31T16:24:21.479000+00:00
2027-03-26T08:00:00+00:00,130000.0,P,64397.69559,71179.79994000001,67788.74776500001,64591.47,43.9,2026-07-31T16:24:21.479000+00:00
2026-08-21T08:00:00+00:00,72000.0,P,8884.617269999999,9451.7205,9168.168885,63011.47,32.08,2026-07-31T16:24:21.479000+00:00
2027-03-26T08:00:00+00:00,80000.0,P,18828.413505,19151.370855,18989.89218,64591.47,40.11,2026-07-31T16:24:21.479000+00:00
2026-08-14T08:00:00+00:00,61000.0,C,2801.8232399999997,2864.78556,2833.3044,62962.32,35.1,2026-07-31T16:24:21.479000+00:00
2026-08-28T08:00:00+00:00,62000.0,C,2901.0383,2995.6373750000002,2948.3378375,63066.05,34.77,2026-07-31T16:24:21.479000+00:00
2026-08-07T08:00:00+00:00,62500.0,P,912.31767,975.23613,943.7769,62918.46,33.14,2026-07-31T16:24:21.479000+00:00
2026-08-21T08:00:00+00:00,53000.0,C,9955.63688,10302.193860000001,10128.91537,63010.36,46.38,2026-07-31T16:24:21.479000+00:00
2026-10-30T08:00:00+00:00,52000.0,C,12575.237400000002,12829.282600000002,12702.260000000002,63511.3,43.92,2026-07-31T16:24:21.479000+00:00
2026-08-03T08:00:00+00:00,65500.0,P,597.3259899999999,5030.1136,2813.719795,62876.42,27.84,2026-07-31T16:24:21.479000+00:00
2027-03-26T08:00:00+00:00,40000.0,C,25804.292265000004,26062.658145,25933.475205000002,64591.47,52.39,2026-07-31T16:24:21.479000+00:00
2026-09-25T08:00:00+00:00,135000.0,C,6.329234,18.987702,12.658468,63292.34,66.18,2026-07-31T16:24:21.479000+00:00
2027-06-25T08:00:00+00:00,64000.0,C,11034.20773,11197.435655000001,11115.8216925,65291.17,43.0,2026-07-31T16:24:21.479000+00:00
2026-09-25T08:00:00+00:00,72000.0,P,9335.783875,9652.251124999999,9494.0175,63293.45,33.71,2026-07-31T16:24:21.479000+00:00
2027-03-26T08:00:00+00:00,85000.0,P,22865.38038,23317.520669999998,23091.450525,64591.47,40.09,2026-07-31T16:24:21.479000+00:00
2026-08-28T08:00:00+00:00,55000.0,C,8324.7186,8576.982800000002,8450.8507,63066.05,41.93,2026-07-31T16:24:21.479000+00:00
2026-09-25T08:00:00+00:00,62000.0,P,2911.44764,3006.38615,2958.916895,63292.34,36.53,2026-07-31T16:24:21.479000+00:00
2027-03-26T08:00:00+00:00,55000.0,C,13951.75752,14177.827665,14064.7925925,64591.47,44.03,2026-07-31T16:24:21.479000+00:00
2026-10-30T08:00:00+00:00,75000.0,P,12543.48175,12861.038250000001,12702.260000000002,63511.3,36.01,2026-07-31T16:24:21.479000+00:00
2027-03-26T08:00:00+00:00,62000.0,C,9817.90344,9979.382115,9898.6427775,64591.47,42.14,2026-07-31T16:24:21.479000+00:00
2026-08-02T08:00:00+00:00,62000.0,P,106.888826,125.75156,116.320193,62875.78,25.26,2026-07-31T16:24:21.479000+00:00
2027-06-25T08:00:00+00:00,150000.0,P,79817.1228,91536.69215999999,85676.90748,65290.08,45.07,2026-07-31T16:24:21.479000+00:00
2026-09-25T08:00:00+00:00,120000.0,P,56330.1826,57374.50620999999,56852.344404999996,63292.34,57.07,2026-07-31T16:24:21.479000+00:00
2026-08-01T08:00:00+00:00,61000.0,C,817.13684,3897.11416,2357.1255,62856.68,35.12,2026-07-31T16:24:21.479000+00:00
2026-08-03T08:00:00+00:00,61000.0,C,1729.1015499999999,3426.76489,2577.93322,62876.42,30.29,2026-07-31T16:24:21.479000+00:00
2026-08-28T08:00:00+00:00,94000.0,C,6.306605,12.61321,9.4599075,63066.05,52.35,2026-07-31T16:24:21.479000+00:00
2027-06-25T08:00:00+00:00,52000.0,C,17955.07175,18183.590845000002,18069.3312975,65291.17,45.92,2026-07-31T16:24:21.479000+00:00
2026-08-03T08:00:00+00:00,58000.0,P,6.287718,18.863153999999998,12.575436,62877.18,43.18,2026-07-31T16:24:21.479000+00:00
2026-08-21T08:00:00+00:00,62000.0,P,1543.7538200000001,1606.76418,1575.259,63010.36,34.61,2026-07-31T16:24:21.479000+00:00
2026-09-25T08:00:00+00:00,50000.0,C,13639.499269999998,13861.02246,13750.260864999998,63292.34,46.71,2026-07-31T16:24:21.479000+00:00
2026-08-28T08:00:00+00:00,96000.0,C,6.306605,12.61321,9.4599075,63066.05,54.77,2026-07-31T16:24:21.479000+00:00
2026-08-02T08:00:00+00:00,63000.0,P,408.69257,471.56834999999995,440.13046,62875.78,23.45,2026-07-31T16:24:21.479000+00:00
2026-09-25T08:00:00+00:00,96000.0,C,18.988034999999996,37.97606999999999,28.482052499999998,63293.45,43.72,2026-07-31T16:24:21.479000+00:00
2027-03-26T08:00:00+00:00,112000.0,C,581.32323,645.9147,613.618965,64591.47,41.87,2026-07-31T16:24:21.479000+00:00
2026-10-30T08:00:00+00:00,84000.0,P,20705.09782,21086.17324,20895.63553,63512.57,36.71,2026-07-31T16:24:21.479000+00:00
2027-03-26T08:00:00+00:00,82000.0,C,3068.094825,3164.98203,3116.5384275,64591.47,40.08,2026-07-31T16:24:21.479000+00:00
2026-10-30T08:00:00+00:00,67000.0,C,3175.5650000000005,3270.83195,3223.198475,63511.3,36.74,2026-07-31T16:24:21.479000+00:00
2026-09-25T08:00:00+00:00,55000.0,C,9177.550249999998,9399.077324999998,9288.3137875,63293.45,41.35,2026-07-31T16:24:21.479000+00:00
2026-08-02T08:00:00+00:00,69000.0,P,3804.051845,8677.010820000001,6240.531332500001,62876.89,37.54,2026-07-31T16:24:21.479000+00:00
2026-08-21T08:00:00+00:00,58000.0,P,535.58806,598.59842,567.0932399999999,63010.36,38.73,2026-07-31T16:24:21.479000+00:00
2027-06-25T08:00:00+00:00,88000.0,C,3721.53456,3852.11472,3786.8246400000003,65290.08,41.32,2026-07-31T16:24:21.479000+00:00
2026-12-25T08:00:00+00:00,74000.0,P,12851.32092,13139.037059999999,12995.178989999999,63936.92,38.78,2026-07-31T16:24:21.479000+00:00
2027-06-25T08:00:00+00:00,45000.0,C,23080.043279999998,23341.2036,23210.62344,65290.08,48.76,2026-07-31T16:24:21.479000+00:00
2026-09-25T08:00:00+00:00,74000.0,C,474.69255,537.9848900000001,506.33871999999997,63292.34,33.72,2026-07-31T16:24:21.479000+00:00
2026-08-07T08:00:00+00:00,64500.0,C,440.43524,503.35456,471.8949,62919.32,31.86,2026-07-31T16:24:21.479000+00:00
2027-06-25T08:00:00+00:00,54000.0,C,16583.68032,16844.840640000002,16714.26048,65290.08,45.31,2026-07-31T16:24:21.479000+00:00
2026-08-14T08:00:00+00:00,75000.0,C,12.592292,18.888437999999997,15.740365,62961.46,38.79,2026-07-31T16:24:21.479000+00:00
2026-12-25T08:00:00+00:00,84000.0,C,1182.812485,1214.78039,1198.7964375,63935.81,38.97,2026-07-31T16:24:21.479000+00:00
2026-10-30T08:00:00+00:00,65000.0,C,4001.2119000000002,4096.47885,4048.8453750000003,63511.3,37.24,2026-07-31T16:24:21.479000+00:00
2026-08-28T08:00:00+00:00,85000.0,C,12.61321,18.919815,15.766512500000001,63066.05,42.95,2026-07-31T16:24:21.479000+00:00
2026-09-25T08:00:00+00:00,76000.0,P,12911.8638,13323.271224999999,13117.567512499998,63293.45,33.97,2026-07-31T16:24:21.479000+00:00
2026-08-28T08:00:00+00:00,98000.0,C,6.306605,12.61321,9.4599075,63066.05,57.12,2026-07-31T16:24:21.479000+00:00
2026-09-25T08:00:00+00:00,54000.0,P,854.4465899999999,917.73893,886.09276,63292.34,42.48,2026-07-31T16:24:21.479000+00:00
2026-08-28T08:00:00+00:00,100000.0,C,6.306605,12.61321,9.4599075,63066.05,59.41,2026-07-31T16:24:21.479000+00:00
2026-12-25T08:00:00+00:00,76000.0,C,2365.62497,2429.56078,2397.592875,63935.81,38.73,2026-07-31T16:24:21.479000+00:00
2027-06-25T08:00:00+00:00,86000.0,P,24712.707845,25104.454865,24908.581355,65291.17,41.33,2026-07-31T16:24:21.479000+00:00
2026-08-14T08:00:00+00:00,72000.0,P,8877.565859999999,10231.23725,9554.401555,62961.46,34.33,2026-07-31T16:24:21.479000+00:00
2026-08-04T08:00:00+00:00,70000.0,P,4779.46824,9716.15583,7247.812035,62887.74,41.63,2026-07-31T16:24:21.479000+00:00
2027-06-25T08:00:00+00:00,92000.0,P,29707.48235,30164.52054,29936.001445,65291.17,41.37,2026-07-31T16:24:21.479000+00:00
2026-08-28T08:00:00+00:00,82000.0,C,18.919815,25.22642,22.073117500000002,63066.05,39.99,2026-07-31T16:24:21.479000+00:00
2026-12-25T08:00:00+00:00,104000.0,C,255.74324,274.92398299999996,265.3336115,63935.81,41.58,2026-07-31T16:24:21.479000+00:00
2026-08-07T08:00:00+00:00,63000.0,C,1038.15459,1069.61382,1053.884205,62918.46,32.46,2026-07-31T16:24:21.479000+00:00
2026-09-25T08:00:00+00:00,66000.0,C,2278.5242399999997,2341.8165799999997,2310.1704099999997,63292.34,34.68,2026-07-31T16:24:21.479000+00:00
2026-09-25T08:00:00+00:00,155000.0,P,86520.62878,97470.2036,91995.41618999999,63292.34,70.8,2026-07-31T16:24:21.479000+00:00
2026-09-25T08:00:00+00:00,105000.0,C,12.658468,37.975404,25.316936,63292.34,49.34,2026-07-31T16:24:21.479000+00:00
2026-12-25T08:00:00+00:00,88000.0,C,863.133435,895.1013399999999,879.1173875,63935.81,39.33,2026-07-31T16:24:21.479000+00:00
2026-10-30T08:00:00+00:00,72000.0,C,1683.04945,1778.3164000000002,1730.682925,63511.3,36.01,2026-07-31T16:24:21.479000+00:00
2026-08-14T08:00:00+00:00,68000.0,P,5068.46676,5383.27836,5225.87256,62962.32,30.87,2026-07-31T16:24:21.479000+00:00
2026-08-02T08:00:00+00:00,65000.0,C,12.575378,25.150756,18.863066999999997,62876.89,28.57,2026-07-31T16:24:21.479000+00:00
2026-08-01T08:00:00+00:00,62000.0,C,691.4234799999999,1477.13198,1084.27773,62856.68,29.11,2026-07-31T16:24:21.479000+00:00
2027-06-25T08:00:00+00:00,56000.0,P,6104.724395,6300.597905,6202.66115,65291.17,44.77,2026-07-31T16:24:21.479000+00:00
2026-08-03T08:00:00+00:00,61500.0,P,138.328124,163.478692,150.90340799999998,62876.42,28.68,2026-07-31T16:24:21.479000+00:00
2027-03-26T08:00:00+00:00,105000.0,P,41047.879185,41629.202415,41338.5408,64591.47,41.11,2026-07-31T16:24:21.479000+00:00
2026-08-28T08:00:00+00:00,80000.0,P,16775.569300000003,17374.696775000004,17075.1330375,63066.05,37.34,2026-07-31T16:24:21.479000+00:00
2026-08-01T08:00:00+00:00,64000.0,C,18.857004,31.428340000000002,25.142672,62856.68,30.14,2026-07-31T16:24:21.479000+00:00
2026-10-30T08:00:00+00:00,63000.0,C,4985.736745,5049.249315,5017.49303,63512.57,37.84,2026-07-31T16:24:21.479000+00:00
2026-10-30T08:00:00+00:00,90000.0,P,26357.1895,28675.351950000004,27516.270725000002,63511.3,38.31,2026-07-31T16:24:21.479000+00:00
2026-08-14T08:00:00+00:00,59000.0,C,4186.93709,6422.06892,5304.5030050000005,62961.46,37.93,2026-07-31T16:24:21.479000+00:00
2027-06-25T08:00:00+00:00,105000.0,P,41329.31061,41916.93114,41623.12087499999,65291.17,41.75,2026-07-31T16:24:21.479000+00:00
2026-08-28T08:00:00+00:00,52000.0,P,201.80780800000002,214.420796,208.114302,63064.94,46.26,2026-07-31T16:24:21.479000+00:00
2026-10-30T08:00:00+00:00,73000.0,P,10892.187950000001,11177.9888,11035.088375,63511.3,35.99,2026-07-31T16:24:21.479000+00:00
2026-09-25T08:00:00+00:00,82000.0,P,18607.947959999998,19272.517529999997,18940.232745,63292.34,36.06,2026-07-31T16:24:21.479000+00:00
2027-03-26T08:00:00+00:00,112000.0,P,47765.39206500001,48475.898235,48120.645150000004,64591.47,41.87,2026-07-31T16:24:21.479000+00:00
2026-08-14T08:00:00+00:00,60000.0,P,598.14204,661.10436,629.6232,62962.32,36.28,2026-07-31T16:24:21.479000+00:00
2026-12-25T08:00:00+00:00,58000.0,C,9686.275215,9910.05055,9798.162882499999,63935.81,41.83,2026-07-31T16:24:21.479000+00:00
2026-08-28T08:00:00+00:00,65000.0,P,3342.50065,3468.63275,3405.5667000000003,63066.05,32.74,2026-07-31T16:24:21.479000+00:00
2026-10-30T08:00:00+00:00,56000.0,P,1968.8503,2032.3616000000002,2000.6059500000001,63511.3,41.04,2026-07-31T16:24:21.479000+00:00
2026-08-04T08:00:00+00:00,71000.0,P,5722.784339999999,10722.35967,8222.572005,62887.74,42.74,2026-07-31T16:24:21.479000+00:00
2026-08-21T08:00:00+00:00,62000.0,C,2520.4144,2614.92994,2567.6721700000003,63010.36,34.61,2026-07-31T16:24:21.479000+00:00
2026-08-03T08:00:00+00:00,66000.0,C,12.575284,18.862925999999998,15.719105,62876.42,29.74,2026-07-31T16:24:21.479000+00:00
2026-09-25T08:00:00+00:00,66000.0,P,4968.44869,5095.03337,5031.74103,63292.34,34.68,2026-07-31T16:24:21.479000+00:00
2027-06-25T08:00:00+00:00,90000.0,C,3395.1408399999996,3460.43201,3427.786425,65291.17,41.3,2026-07-31T16:24:21.479000+00:00
2026-12-25T08:00:00+00:00,85000.0,C,1086.92764,1118.8961000000002,1102.9118700000001,63936.92,39.06,2026-07-31T16:24:21.479000+00:00
2026-08-02T08:00:00+00:00,64500.0,C,25.150312,37.725468,31.43789,62875.78,25.95,2026-07-31T16:24:21.479000+00:00
2026-12-25T08:00:00+00:00,98000.0,P,34269.59416,34813.048545,34541.3213525,63935.81,40.55,2026-07-31T16:24:21.479000+00:00
2026-08-28T08:00:00+00:00,90000.0,P,26613.8731,28032.859225,27323.366162500002,63066.05,48.38,2026-07-31T16:24:21.479000+00:00
2027-03-26T08:00:00+00:00,78000.0,C,3907.783935,4036.966875,3972.3754050000002,64591.47,40.18,2026-07-31T16:24:21.479000+00:00
2026-08-03T08:00:00+00:00,62500.0,C,723.0788299999999,785.95525,754.51704,62876.42,26.52,2026-07-31T16:24:21.479000+00:00
2026-08-28T08:00:00+00:00,85000.0,P,21663.188175000003,23460.5706,22561.8793875,63066.05,42.95,2026-07-31T16:24:21.479000+00:00
2026-09-25T08:00:00+00:00,200000.0,P,130002.46635999998,144021.71967,137012.093015,63292.34,72.81,2026-07-31T16:24:21.479000+00:00
2026-08-03T08:00:00+00:00,72000.0,P,6727.77694,11789.32875,9258.552844999998,62876.42,45.28,2026-07-31T16:24:21.479000+00:00
2026-08-28T08:00:00+00:00,68000.0,C,567.5844599999999,630.6494,599.11693,63064.94,31.62,2026-07-31T16:24:21.479000+00:00
2026-08-28T08:00:00+00:00,52000.0,C,11162.690849999999,11383.422025,11273.0564375,63066.05,46.26,2026-07-31T16:24:21.479000+00:00
2026-12-25T08:00:00+00:00,78000.0,C,2013.978015,2045.94592,2029.9619675,63935.81,38.79,2026-07-31T16:24:21.479000+00:00
2026-09-25T08:00:00+00:00,85000.0,P,21551.04177,22215.611339999996,21883.326555,63292.34,37.64,2026-07-31T16:24:21.479000+00:00
2026-08-28T08:00:00+00:00,54000.0,C,9207.6433,9491.440525,9349.5419125,63066.05,43.66,2026-07-31T16:24:21.479000+00:00
2026-08-02T08:00:00+00:00,64000.0,C,56.589200999999996,75.45226799999999,66.02073449999999,62876.89,24.25,2026-07-31T16:24:21.479000+00:00
2026-08-03T08:00:00+00:00,61000.0,P,81.74033399999999,106.891206,94.31577,62877.18,30.29,2026-07-31T16:24:21.479000+00:00
2026-08-21T08:00:00+00:00,70000.0,C,157.5259,189.03108,173.27849,63010.36,31.24,2026-07-31T16:24:21.479000+00:00
2026-12-25T08:00:00+00:00,95000.0,P,31360.514805,31903.96919,31632.2419975,63935.81,40.1,2026-07-31T16:24:21.479000+00:00
